Fecha;Hora;PM25_P1;PM25_P2;PM25_P3;PM25_P4;PM25_P5;PM25_SINCA
250604;100;154,15;158,783;154,417;164,933;165,083;41
250604;200;140,55;143,55;139,9;146,933;148,183;26
250604;300;143,05;146,483;142,183;150,017;151,05;22
250604;400;153,467;157,9;153,183;161,983;162,183;35
250604;500;148,25;151,933;147,667;155,233;156,633;35
250604;600;152,85;157,65;151,95;163,733;163,3;37
250604;700;172,633;179,683;170,85;192,95;189,283;56
250604;800;163,333;168,65;161,433;179,867;178,417;48
250604;900;177,167;185,567;177,15;197,15;196,617;57
250604;1000;195,25;207,033;199,083;214,283;218,85;75
250604;1100;199,217;212,483;207,283;209,95;224,25;78
250604;1200;179,85;190,217;186,117;191,4;201,217;63
250604;1300;187,617;197,717;193,033;202,033;209,233;65
250604;1400;197,483;209,25;204,15;215,1;221,833;77
250604;1500;192,067;202,883;197,867;212,417;215,033;81
250604;1600;180,55;190,133;185,333;201,267;200,583;68
250604;1700;187,65;193,117;186,133;211,717;208,25;74
250604;1800;191,417;196,583;185,15;216,867;207,383;69
250604;1900;194,5;200,267;187,6;224,633;210,667;70
250604;2000;190,917;197,417;184,817;222,317;208,75;68
250604;2100;184,85;190,317;179,017;214,967;202,567;60
250604;2200;167,433;171,867;164,383;191,35;181,833;47
250604;2300;160,317;164,483;158,25;179,017;170,25;39
250605;0;156,917;160,617;155,833;172,133;166,467;35
250605;100;154,3;157,783;152,833;167,667;164,017;34
250605;200;149,383;151,917;147,05;160,367;157,783;29
250605;300;143,933;146,267;141,583;155,4;152,217;23
250605;400;140,767;142,467;137,683;152,167;148,767;21
250605;500;132,133;133,083;129,183;142,967;140,7;16
250605;600;124,133;124,4;120,417;133,333;130,967;13
250605;700;114,967;114,383;111,633;122,883;122,55;11
250605;800;111,317;110,9;109,833;116,717;118,583;13
250605;900;108,9;109,383;109,467;110,95;115,65;13
250605;1000;130,45;134,6;132,65;133,417;140,55;21
250605;1100;140,7;143,4;142,15;148,8;148,967;36
250605;1200;142,25;145,1;143,633;150,167;150,617;37
250605;1300;140,067;142,5;141,183;148,25;148,483;33
250605;1400;142,8;145,267;143,85;152,983;151,3;42
250605;1500;157,183;163,233;158,867;180,383;172,717;57
250605;1600;180,067;190,017;181,9;215,717;200,4;82
250605;1700;184,717;189,183;181,383;220,783;203,333;86
250605;1800;179,333;184,817;175,167;215,217;195,067;78
250605;1900;159,167;163;157,867;185,2;172,583;61
250605;2000;151,867;155,117;151,1;168,55;161,45;49
250605;2100;143,9;146,85;143,467;154,617;152,767;36
250605;2200;138,667;141,183;138,083;148,283;146,867;27
250605;2300;134,583;136,7;133,45;143,5;142,717;27
250606;0;125,9;126,767;123,75;135,133;133,267;17
250606;100;114,083;113,283;111,217;123,917;122,017;12
250606;200;106,433;106,45;106,25;112,783;112,483;8
250606;300;102,233;102,733;102,667;106,617;107,767;6
250606;400;100,05;100,333;100,983;104,433;105,467;4
250606;500;99,033;99,467;100,1;103,133;104,2;6
250606;600;98,083;99,05;100;102,05;103,167;7
250606;700;99,167;99,817;100,533;102,65;104,2;4
250606;800;103,383;103,867;103,9;105,95;108,783;11
250606;900;101,833;102,633;103,15;104,35;107,2;8
250606;1000;136,533;139,1;137,033;143,15;143,6;29
250606;1100;149,867;153,967;151,6;165,317;162,667;43
250606;1200;172,167;180,45;173,85;200,9;191,833;76
250606;1300;185,5;195,183;188,917;211,933;207,85;81
250606;1400;192,833;202,583;196,833;218,217;216,633;85
250606;1500;174,233;182,133;177,033;196,683;192,583;59
250606;1600;152,083;156,917;153,183;168,6;163,433;36
250606;1700;154,567;158,817;153,783;174,233;163,85;35
250606;1800;155,417;160,217;153,883;177,067;163,9;35
250606;1900;156,25;160,85;154,617;180,95;165,517;36
250606;2000;156,9;161,1;154,467;182,817;166,467;39
250606;2100;157,233;161,35;155,083;184,4;167,833;39
250606;2200;157,9;163,383;157,167;188,667;170,5;43
250606;2300;158,233;163,417;156,917;187,833;170,433;49
250607;0;159,433;164,667;158,067;190,317;171,983;39
250607;100;160,367;164,967;158,2;191,217;173,067;40
250607;200;160,083;165,283;158,667;191,4;172,917;46
250607;300;160,017;165,367;158,233;190,5;171,65;43
250607;400;159,65;164,583;157,45;188,633;170,033;43
250607;500;159,917;165,017;157,1;188,117;169,017;41
250607;600;159,583;163,433;156,1;184,717;167,667;39
250607;700;158,967;162,483;154,767;180,133;166,2;29
250607;800;155,967;159,4;152,817;173,867;163,767;29
250607;900;159,683;163,783;157,8;184,483;171,567;43
250607;1000;164,967;171,183;163,2;194,35;181;51
250607;1100;164,45;171,25;165,55;186,333;179,8;57
250607;1200;164,333;171,333;166,567;185,783;182,067;63
250607;1300;163,183;169,65;164,867;185,9;180,8;61
250607;1400;158,95;165,283;160,567;182,45;175,317;59
250607;1500;152,3;157,733;153,95;173,917;167,15;56
250607;1600;169,317;175,75;170,117;200,417;185,85;73
250607;1700;178,6;184,117;175,817;219,267;198,233;79
250607;1800;179,567;183,517;171,8;223,35;195,767;75
250607;1900;181,833;186,367;173,617;227,883;197,667;74
250607;2000;178,183;183,967;172,017;221;196,333;81
250607;2100;171,683;176,3;166,917;208,617;188,183;62
250607;2200;164,567;169,2;162,783;193,733;177,933;59
250607;2300;157,45;161,4;156,15;176,417;166,467;48
250608;0;151,75;154,967;150,167;165,817;160,65;44
250608;100;146,367;148,7;144,183;160,167;155,283;32
250608;200;138,783;140,233;135,733;152,317;147;25
250608;300;138,533;140,067;136,383;150,567;146,167;28
250608;400;137,917;139,75;135,433;151,85;146,583;26
250608;500;131,45;132,05;127,75;144,8;138,85;17
250608;600;144,75;147,133;141,283;162,75;154,4;35
250608;700;130,133;130,317;126,45;144,2;138,65;18
250608;800;111,833;111,25;109,15;125,183;118,65;11
250608;900;117,217;116,433;113,817;127,217;124,933;13
250608;1000;125,233;126,85;124,217;134,9;132,367;18
250608;1100;135,217;137,983;135,9;146,8;143,583;25
250608;1200;139,467;142,183;140,65;150,117;148,183;30
250608;1300;136,467;138,567;137,133;145,717;144,883;27
250608;1400;146,4;149,267;147,683;158,4;156,617;42
250608;1500;148,4;151,467;149,833;165,25;159,9;43
250608;1600;149,033;153,1;150,55;169,3;161,217;47
250608;1700;153,367;156,9;152,317;174,917;165,75;59
250608;1800;155,383;159,283;154,083;175,85;164,95;47
250608;1900;150,4;153,767;149,567;163,333;159,3;45
250608;2000;145,033;147,867;143,617;156,867;153,783;29
250608;2100;142,7;145,367;141,033;154,167;151,133;29
250608;2200;137,7;139,65;135,9;149,117;145,983;27
250608;2300;120,767;120,517;117,083;130,967;128,4;14
250609;0;124,383;125,2;121,283;135,217;131,883;17
250609;100;123,133;123,233;118,717;134,7;131,033;15
250609;200;110,917;109,967;108,5;121,1;117,833;9
250609;300;105,1;105,25;104,767;112,067;111,067;13
250609;400;105,15;105,267;104,467;115,85;111,25;8
250609;500;100,933;101,433;101,667;106,5;106,567;3
250609;600;98,283;99,1;100,067;103,983;103,4;4
250609;700;98,4;99,117;100,167;106,383;103,533;4
250609;800;99,483;100,067;100,817;102,55;104,567;6
250609;900;103,583;104,4;105,117;105,35;109,05;16
250609;1000;100,717;101,667;102,4;102,833;105,8;11
250609;1100;111,733;113,517;112,683;114,217;118,467;16
250609;1200;119,933;121,717;120,633;124,2;127,117;21
250609;1300;118,683;120,1;119;125,75;126,233;18
250609;1400;107,433;108,933;107,817;112,017;113,917;8
250609;1500;117,15;118,717;118,083;122,55;124,017;19
250609;1600;143,55;146,583;145,167;154,033;152,5;45
250609;1700;144,733;147,367;144,633;153,5;153,233;46
250609;1800;142,35;145,067;141,7;149,883;149,75;46
250609;1900;127,35;128,7;126,783;134,8;135,483;23
250609;2000;110,8;110,433;109,717;116,033;117,55;14
250609;2100;106,1;106,3;106,25;109,7;111,817;12
250609;2200;101,367;101,583;102,217;105,067;106,583;6
250609;2300;99,567;100;100,65;103,367;104,617;4
250610;0;98,95;99,483;100,25;102,933;104,217;3
250610;100;98,133;99;100;102,017;103,033;2
250610;200;98;99;100;102;103;2
250610;300;98;99;100;102;103;1
250610;400;98;99;100;102;103;2
250610;500;98;99;100;102;103;2
250610;600;98;99;100;102;103;1
250610;700;98;99;100;102;103;1
250610;800;98,433;99,333;100,333;102,183;103,483;4
250610;900;98,133;99,05;100,067;102,017;103,2;7
250610;1000;98,233;99,25;100,167;102;103,15;4
250610;1100;98,2;99,25;100,3;102,083;103,333;5
250610;1200;105,45;107,167;107,233;107,9;111,533;8
250610;1300;118,7;120,417;119,933;120,2;125,75;10
250610;1400;112,683;114,117;113,85;114;119,433;10
250610;1500;127,817;129,617;128,95;133,05;135,483;17
250610;1600;131,083;133,017;132,283;136,7;138,517;22
250610;1700;132,4;134,583;133,25;137,917;139,85;27
250610;1800;126,6;128,033;126,783;131,017;133,467;23
250610;1900;118,017;118,35;117,083;122,133;124,5;15
250610;2000;120,6;121,017;120,7;124,717;127,25;16
250610;2100;121,783;122,783;121,367;126,65;128,85;18
250610;2200;113,567;113,45;112,467;118,45;120,65;10
250610;2300;108,8;108,95;108,883;113,467;115,583;9
250611;0;108,217;108,4;107,85;112,65;114,567;8
250611;100;103,15;103,65;103,75;106,917;108,783;6
250611;200;100,733;101,033;101,95;104,633;106,15;7
250611;300;99,567;100,017;100,8;103,45;104,85;5
250611;400;98,183;99;100,017;102,083;103,25;2
250611;500;98,1;99,017;100;102,083;103,117;2
250611;600;98;99;100;102;103;3
250611;700;104,7;104,533;104,533;109,367;110,033;4
250611;800;146,6;149,2;143,867;162,983;156;35
250611;900;158,75;163,567;157,25;180,2;170,95;37
250611;1000;151,517;155,583;150,383;164;162,433;34
250611;1100;150,883;155,65;150,5;165,783;161,883;33
250611;1200;152,933;158,083;153,183;172,2;164,383;40
250611;1300;154,083;158,767;154,117;176,183;166,033;40
250611;1400;154,717;159,75;155,033;176,15;168,883;51
250611;1500;157,233;162,05;157,033;183,383;172,6;49
250611;1600;154,767;159,083;153,883;180,183;166,2;42
250611;1700;153,65;158,083;151,933;174,967;163,717;39
250611;1800;156,667;161,417;155,35;181,783;167,633;49
250611;1900;157,217;161,767;155,65;182,65;168;44
250611;2000;153,917;157,6;152,15;173,733;163,35;45
250611;2100;153,3;157,6;152,283;172,3;162,3;41
250611;2200;151,75;155,167;149,567;169,033;160,333;40
250611;2300;152,05;155,817;149,067;168,067;160,3;35
250612;0;151,067;154,933;148,183;166,267;159,383;28
250612;100;140,75;143,517;138,517;153,733;149,15;25
250612;200;150,767;155,633;149,467;169,183;160,95;40
250612;300;152,783;157,5;151,667;168,317;161,95;40
250612;400;151,717;155,45;150,067;165,467;160,35;33
250612;500;150,617;154,45;147,717;163,417;158,467;34
250612;600;147,933;152,4;146,133;161,017;156,067;31
250612;700;129,85;133,4;127,883;140,133;137,217;17
250612;800;103,467;104,983;103,683;109,4;109,433;9
250612;900;98;99;100;102;103;6
250612;1000;98;99;100;102;103;4
250612;1100;98;99;100;102;103;3
250612;1200;98;99;100;102;103;2
250612;1300;98;99;100;102;103;3
250612;1400;98;99;100;102;103;3
250612;1500;98;99;100;102;103;2
250612;1600;98;99;100;102;103;3
250612;1700;98;99;100;102;103;1
250612;1800;98,133;99,167;100,033;102,05;103,3;1
250612;1900;99,333;99,75;100,3;102,367;104,183;3
250612;2000;107,183;107,65;106,633;109,117;112,683;6
250612;2100;103,117;103,767;103,35;105,617;108,3;8
250612;2200;103,117;103,633;103,283;105,967;108,383;7
250612;2300;101,6;102,017;101,867;105,45;106,717;5
250613;0;101,433;101,667;101,7;103,967;106,5;6
250613;100;98,9;99,467;100,267;102,5;104;3
250613;200;98,6;99,3;100,083;102,117;103,617;1
250613;300;98,483;99,217;100,183;102,167;103,533;4
250613;400;98,017;99,017;100;102;103;2
250613;500;98,8;99,7;100,5;102,533;103,967;1
250613;600;98,133;99,017;100;102,033;103,083;2
250613;700;98,233;99,1;100,017;102,033;103,25;3
250613;800;100,75;101,317;101,35;103,45;105,75;5
250613;900;98,05;99,05;100;102,017;103,1;5
250613;1000;105,733;107,333;106,9;107,617;112,467;12
250613;1100;107,633;109,15;109,817;107,767;114,167;7
250613;1200;115,833;117,383;118,75;114,133;122,967;13
250613;1300;126,3;128,917;129,883;125,667;134,617;15
250613;1400;117,633;119,583;120,317;116,283;124,883;13
250613;1500;118,35;120,433;120,25;118,883;125,967;10
250613;1600;126,567;129,417;128,183;128,283;134,767;18
250613;1700;122,65;123,95;122,75;123,817;130,133;15
250613;1800;121,7;123,167;119,317;123,75;128,017;15
250613;1900;128,75;130,7;126,55;130,783;134,683;16
250613;2000;138,767;141,717;136,867;141,45;145,133;21
250613;2100;135,117;137,567;133,317;137,617;142,233;15
250613;2200;130,683;132,683;128,217;134,167;137,917;17
250613;2300;125,7;127,617;123,133;128,817;132,167;10
250614;0;117,333;118,2;114,317;120,15;123,95;10
250614;100;126,383;127,483;122,983;130,15;132,233;12
250614;200;120,75;121,517;116,917;124,65;126,817;12
250614;300;109,117;109,433;108,183;112,617;114,983;9
250614;400;106,733;107,233;105,733;109,767;111,767;5
250614;500;100,683;100,9;101,3;104;105,767;4
250614;600;99,817;100,133;100,417;103,067;104,9;7
250614;700;101,133;102,117;102,417;105,55;106,483;4
250614;800;98,2;99,183;100,1;102,15;103,2;2
250614;900;98;99;100;102;103;2
250614;1000;98,283;99,267;100,2;102,133;103,383;1
250614;1100;102,35;103,5;104,1;104,333;107,867;8
250614;1200;102,633;103,75;104,417;104,583;108,233;6
250614;1300;110,817;112,35;111,967;113,767;117,517;7
250614;1400;119,433;120,917;120,133;123,9;126,4;14
250614;1500;115,683;117,2;116,233;119,233;122,533;9
250614;1600;119,417;120,967;120,65;123,783;126,5;19
250614;1700;118,75;119,383;118,55;121,75;125,433;14
250614;1800;119,883;121,3;119,767;123,683;127,133;15
250614;1900;103,783;104,733;104,983;107,117;109,55;5
250614;2000;104,433;105,267;105,833;107,817;110,267;5
250614;2100;103,833;104,75;104,933;107,483;109,733;2
250614;2200;98,167;99,083;100,217;102,05;103,267;1
250614;2300;100,817;101,3;102,267;103,917;106,1;3
250615;0;101,333;101,883;102,7;104,683;106,817;10
250615;100;99,467;100,25;101,033;103;104,7;7
250615;200;105,867;106,517;106,883;108,633;112,75;8
250615;300;104,85;105,1;105,417;107,45;110,517;9
250615;400;102,367;102,983;103,533;105,567;107,9;6
250615;500;101,117;101,633;102,333;104,133;106,467;3
250615;600;99,267;99,783;100,517;102,467;104,233;4
250615;700;98,533;99,4;100,233;102,183;103,75;1
250615;800;99,117;99,833;100,667;102,5;104,383;4
250615;900;100,867;101,117;102,017;104,1;106,183;3
250615;1000;104,333;104,783;105,75;106,65;110,067;4
250615;1100;100,3;100,933;101,617;103,05;105,267;4
250615;1200;101,033;102,4;102,667;104,083;106,383;6
250615;1300;107,9;109,033;109,4;109,633;114,417;6
250615;1400;125,433;127,95;127,35;128,083;133,367;16
250615;1500;133,083;136,217;135,933;136,117;141,667;22
250615;1600;133,867;135,867;134,867;135,95;141,75;23
250615;1700;137,8;139,883;137,75;139,467;144,933;28
250615;1800;143,45;146,683;143,633;145,567;150,983;26
250615;1900;129,217;130,4;128,867;130,567;136,233;16
250615;2000;129,35;131,083;129,517;130,933;136,8;23
250615;2100;112,833;113,65;113,8;115,15;119,5;7
250615;2200;99,917;100,667;101,55;103,15;105,1;5
250615;2300;102,95;104,267;103,517;105,683;108,867;6
250616;0;98;99,033;100;102;103,033;5
250616;100;98;99;100;102;103;2
250616;200;98,017;99;100;102;103,05;2
250616;300;98;99;100;102;103;4
250616;400;98,033;99;100;102;103;2
250616;500;98,133;99,067;100;102,15;103,25;1
250616;600;98,083;99,1;100,017;102,133;103,133;2
250616;700;98,2;99,117;100,017;102,033;103,233;4
250616;800;98,15;99,117;100,033;102,1;103,15;5
250616;900;98;99;100;102;103;3
250616;1000;98;99;100;102;103;2
250616;1100;98;99;100;102;103;2
250616;1200;98,083;99;100;102;103,1;4
250616;1300;98,067;99,017;100,1;102;103,117;3
250616;1400;98,433;99,4;100,4;102,083;103,533;1
250616;1500;98;99;100;102;103;3
250616;1600;98;99;100;102;103;2
250616;1700;98,017;99;100;102;103;3
250616;1800;99,4;100,117;100,817;102,5;104,35;5
250616;1900;99,3;99,933;100,683;102,533;104,217;6
250616;2000;98,05;99;100;102;103,017;4
250616;2100;98;99;100;102;103;4
250616;2200;98;99;100;102;103;3
250616;2300;98;99;100;102;103;3
250617;0;98;99;100;102;103;4
250617;100;98;99;100;102;103;4
250617;200;98;99;100;102;103;1
250617;300;98;99;100;102;103;1
250617;400;98;99;100;102;103;1
250617;500;98,017;99,017;100,017;102,017;103,033;4
250617;600;98,25;99,067;100,033;102,033;103,183;3
250617;700;98,65;99,35;100,183;102,167;103,583;2
250617;800;100,533;101,317;101,417;103,4;105,85;4
250617;900;98,317;99,183;100,117;102,15;103,417;4
250617;1000;118,817;120,517;119,317;118,817;126,217;15
250617;1100;115,583;117,217;117,25;113,9;123,583;10
250617;1200;121,05;123,333;123,567;122,55;128,633;15
250617;1300;122,117;123,85;123,833;122,983;130,2;12
250617;1400;123,083;124,933;124,517;123,6;130,933;15
250617;1500;123,517;125,717;125,317;124,417;131,733;13
250617;1600;124,467;126,417;125,8;125,967;132,417;12
250617;1700;130,517;132,833;130,617;132,55;137,883;18
250617;1800;131,95;133,633;129,583;134,65;138,25;16
250617;1900;135,517;137,133;131,933;137,383;140,65;13
250617;2000;137,717;139,733;134,517;139,433;142,783;15
250617;2100;142,733;145,383;140,217;145,367;148,483;20
250617;2200;140,483;143,583;138,217;143,9;146,767;20
250617;2300;133,05;135,1;129,75;137,467;140,033;18
250618;0;127,5;128,583;124,367;132,417;133,533;9
250618;100;127,167;127,867;122,967;132,917;133,583;15
250618;200;119,167;118,267;112,783;125,6;126;11
250618;300;126,283;127,317;122,667;131,033;132,817;8
250618;400;108,55;108,633;106,983;112,917;114,15;6
250618;500;106,583;106,817;106;111,383;111,967;7
250618;600;111,7;111,617;109,033;117,817;118,283;7
250618;700;107,933;108,467;107,15;112,233;113,867;4
250618;800;106,533;106,683;106,233;109,75;112,35;7
250618;900;115,233;114,933;114,183;113,75;122,967;12
250618;1000;125,633;127,667;125,517;128,733;133,383;14
250618;1100;128,55;131,133;130,533;130,35;135,55;20
250618;1200;123;125,65;125,317;123,8;130,583;18
250618;1300;130,8;133,083;133,533;131,983;139,05;24
250618;1400;133,783;136,65;137,083;135,917;142,533;22
250618;1500;141,017;144;144,1;144,133;149,683;32
250618;1600;146,333;151,167;148,933;150,017;155,2;36
250618;1700;152,733;156,183;151,867;156,167;160,3;35
250618;1800;155,117;158,65;153,133;159,45;161,65;37
250618;1900;150,917;154,317;149,233;156,017;157,867;34
250618;2000;148,683;151,433;147,383;154,45;157,067;30
250618;2100;145,45;147,883;143,85;152,2;153,65;28
250618;2200;143,55;145,867;141,7;149,833;151,717;23
250618;2300;133,7;134,733;131,25;141,1;141,9;20
250619;0;131,583;132,5;128,15;139,217;139,917;14
250619;100;121,35;121,733;118,233;129,767;129,417;11
250619;200;109,3;109,583;107,933;115,55;115,617;10
250619;300;104,033;103,75;103,617;108,883;109,5;8
250619;400;98,683;99,417;100,233;102,883;103,933;7
250619;500;98,017;99;100;102,033;103,017;6
250619;600;98;99;100;102;103,05;6
250619;700;98,567;99,35;100,183;102,183;103,867;6
250619;800;99,983;100,333;100,933;103,75;105,267;7
250619;900;104,9;106;106,417;109,65;110,5;12
250619;1000;125,05;127,267;125,783;134,783;133,867;16
250619;1100;119,867;122,033;120,533;125,95;127,45;12
250619;1200;100,25;100,9;101,317;103,3;105,467;6
250619;1300;130,533;132,65;132,183;135,367;138,2;29
250619;1400;136,45;138,817;138,233;142,45;145,067;25
250619;1500;145,95;150,65;148,283;154,867;157,4;39
250619;1600;150,2;154,667;151,967;162,25;162,117;43
250619;1700;153,8;158,083;153,65;166,1;164,817;45
250619;1800;154,367;157,95;153,25;163,533;162,4;44
250619;1900;152,233;156,117;151,75;159,967;160,683;37
250619;2000;150,383;153,617;149,467;157,9;158,75;33
250619;2100;149,517;152,85;149;156,683;158,2;36
250619;2200;143,767;146,533;143,033;150,533;152,2;28
250619;2300;136,767;138,667;135,433;143,35;145,067;23
250620;0;131,5;132,933;129,65;139,6;140,117;23
250620;100;114,933;115,433;113,3;125,65;123,317;10
250620;200;115,867;115,317;113,467;121,933;123,75;10
250620;300;107,683;107,617;107,067;112,233;113,867;8
250620;400;106,167;106;105,867;109,967;111,95;5
250620;500;101,167;101,217;101,8;104,55;106,433;6
250620;600;98,283;99,183;100,1;102,133;103,4;6
250620;700;98,017;99;100;102;103,067;6
250620;800;99,8;100,183;100,817;103,133;105,267;6
250620;900;98,467;99,2;100,333;102,2;103,467;4
250620;1000;98,4;99,317;100,25;102,1;103,383;2
250620;1100;125,4;127,75;127,15;128,7;132,167;19
250620;1200;127,55;130,117;129,533;130,05;135;18
250620;1300;132,5;135,033;134,45;136,883;140,4;24
250620;1400;144,383;147,083;146,4;151,083;153,517;35
250620;1500;149,533;153,383;152,017;159,617;162,567;46
250620;1600;149,45;154,05;151,917;161,617;161,633;46
250620;1700;144,117;148,317;146,15;152,633;154,517;39
250620;1800;117,817;119,1;117,617;121,25;124,967;16
250620;1900;144,717;147,683;144,517;150,183;152,283;35
250620;2000;151,633;155,567;151,7;158,017;160,35;43
250620;2100;150,983;154,317;149,65;157,183;158,267;33
250620;2200;152,017;155,517;151,033;158,217;159,9;38
250620;2300;149,5;152,05;148,183;156,433;157,4;30
250621;0;137,95;139,85;136,5;144,917;146;22
250621;100;132,567;133,117;130,35;141,517;141,083;21
250621;200;132,433;133,067;130,367;140,8;141,017;20
250621;300;127,683;128,517;125,317;134,667;134,483;22
250621;400;128,167;129,217;125,817;137,467;135,917;13
250621;500;126,233;127,017;122,95;135,25;133,467;17
250621;600;128,183;128,85;125,15;137,5;135,767;13
250621;700;124,883;125,25;121,15;133,667;132,367;15
250621;800;120,183;120,25;116,733;127,383;127,283;11
250621;900;122,533;122,8;120,617;128,067;130;14
250621;1000;139,25;143,033;140,533;144,667;148,15;29
250621;1100;139,533;142,683;140,75;145,067;147,917;21
250621;1200;145,817;150,133;148,35;150,817;155,533;37
250621;1300;143,517;147,217;145,1;148,9;151,95;35
250621;1400;149,333;154,15;152;157,017;161,283;41
250621;1500;159,583;165,617;162,817;169,933;175,25;48
250621;1600;156,083;161,2;158,15;166,233;170,6;46
250621;1700;162,083;167,9;163,133;176,017;177,75;50
250621;1800;164,833;171,117;164,733;181,2;180,833;52
250621;1900;171;177,183;170,617;187,983;187,783;55
250621;2000;169,367;176,933;169,583;186,033;186,017;55
250621;2100;164,433;171,217;164,433;179,317;180,267;48
250621;2200;161,1;166,95;161,367;174,3;175,233;47
250621;2300;158,033;164,9;159,283;168,133;171,633;46
250622;0;162,783;169,633;162,7;175,5;177,217;54
250622;100;171,467;180,8;169,917;186,6;187,417;45
250622;200;171,117;180,383;169,3;188,183;186,683;41
250622;300;154,35;160,25;152,683;163,767;164,017;31
250622;400;98,117;99,133;100,067;102,1;103,133;5
250622;500;102,733;103,2;102,95;106;107,433;3
250622;600;122,4;124,333;120,833;127,583;128,633;9
250622;700;145,183;149,017;142,983;151,017;151,967;24
250622;800;143,717;146,5;140,467;148,6;149,633;16
250622;900;133,767;135,983;133,017;137,217;141;17
250622;1000;105,633;106,433;106,283;108,1;111,65;3
250622;1100;102,967;104,083;104,5;104,867;108,667;3
250622;1200;119,3;121,517;122,133;120,767;127,15;13
250622;1300;134,233;137,083;137,3;136,967;142,7;18
250622;1400;138,6;141,317;141,767;142,117;147,15;26
250622;1500;138,317;141,85;141,317;142,1;147,083;24
250622;1600;139,383;143,367;141,6;143,517;147,967;19
250622;1700;136,533;139,75;137,1;140,467;144,517;19
250622;1800;142,117;145,567;142,083;147,45;149,483;13
250622;1900;142,517;145,983;141,75;148,5;149,867;21
250622;2000;142;145,4;140,817;148,45;149,583;19
250622;2100;140,033;143,6;139,15;146,683;147,4;22
250622;2200;136,667;138,183;133,5;142,067;142,65;16
250622;2300;123,05;123,05;119,2;128,4;128,917;9
250623;0;116,633;117,133;114,217;123,467;123,367;11
250623;100;117,45;116,433;112,817;124,967;123,767;9
250623;200;125,217;125;120,45;134,5;131,817;10
250623;300;112,383;111,733;109,05;121,2;119,167;8
250623;400;103,433;103,517;102,917;108,633;108,567;5
250623;500;108,833;108,817;106,917;118,567;114,633;5
250623;600;110,733;110,483;108,417;123,017;117,833;5
250623;700;111,517;110,967;109,117;122,067;118,533;9
250623;800;114,65;113,75;111,433;125,333;124,033;11
250623;900;114,283;114,417;113,417;120,65;121,55;9
250623;1000;134,667;137,367;133,367;143,65;142,15;15
250623;1100;132,217;134,167;132,617;138,333;139,25;22
250623;1200;137,383;140,617;139,033;144,583;145,867;22
250623;1300;133,65;136,533;135,1;139,633;142,133;19
250623;1400;134,283;136,683;135,967;141,317;142,717;22
250623;1500;131,767;133,917;133,183;139,3;140,05;17
250623;1600;135,067;137,583;135,8;142,8;143,6;19
250623;1700;136,1;138,4;134,933;144,333;143,883;19
250623;1800;139,367;141,483;137,083;148,9;146,4;17
250623;1900;143,583;145,7;140,1;152,133;149,95;26
250623;2000;141,05;143,017;138,767;149,8;148,433;21
250623;2100;137,317;139,5;135,017;147,167;145,083;17
250623;2200;130,467;131,433;128,017;138,767;137,783;15
250623;2300;124,933;125;121,45;133,35;131,817;13
250624;0;120,483;119,083;114,983;129,067;127,883;17
250624;100;112,933;111,983;110,25;124,1;121,3;6
250624;200;109,833;109,8;108,65;120,283;117,333;8
250624;300;108,917;108,783;107,833;117,733;115,5;9
250624;400;103,15;103,2;103,15;109,167;108,9;8
250624;500;99,467;99,85;100,45;103,767;104,883;9
250624;600;98,15;99,1;100,017;102,3;103,4;4
250624;700;105,383;106,833;106,517;111,167;111,717;3
250624;800;122,617;123,767;121,517;128,383;129,35;18
250624;900;100,033;100,717;101,583;102,783;105,183;6
250624;1000;107,3;108,3;108,85;110,333;113,467;9
250624;1100;127,1;129,267;128,6;132,183;134,433;16
250624;1200;119,667;121,45;120,05;124,6;127,117;17
250624;1300;109,783;111,233;110,617;112,8;116,683;8
250624;1400;133,067;135,583;135,5;136,95;141,3;30
250624;1500;136,717;139,683;139,583;140,933;145,083;29
250624;1600;136,817;140,2;139,3;141,35;145,017;32
250624;1700;137;140,05;138,1;141,383;145,017;31
250624;1800;139,817;142,3;138,85;144,267;146,483;31
250624;1900;145,583;148,283;143,867;150,217;152,033;34
250624;2000;147,083;149,933;144,667;152,483;153,317;40
250624;2100;145,7;148,8;144,233;151,483;152,917;31
250624;2200;144,633;147,85;142,75;150,85;151,95;31
250624;2300;145,267;148,117;143,4;151,9;152,383;27
250625;0;146,133;149,05;143,8;153,383;152,617;26
250625;100;140,883;143,267;138,6;146,667;147,117;23
250625;200;143,633;145,833;140,617;148,967;149,6;24
250625;300;140,967;143,367;138,8;147,1;147,7;21
250625;400;139,333;142,117;137,583;144,967;146,3;16
250625;500;139,467;142,817;138,133;145,45;147,1;15
250625;600;142,833;146,217;141,567;148,583;150,65;28
250625;700;140,35;143,35;139,017;146,25;147,85;20
250625;800;142,267;144,467;140,2;147,45;148,917;21
250625;900;144,233;147,283;143,45;147,733;151,367;28
250625;1000;142,983;146,933;144,317;146,183;151,117;30
250625;1100;144,367;149,4;147,617;146,75;153,317;33
250625;1200;144,85;148,933;147,633;147,583;153,633;35
250625;1300;146,117;151,333;150,167;149,667;156,283;38
250625;1400;148,3;153,733;152,183;151,583;158,617;38
250625;1500;146,917;152,317;150,45;150,417;156,633;32
250625;1600;151,167;156,867;153,65;154,417;160,767;41
250625;1700;144,933;149,433;145,933;149,25;153,783;25
250625;1800;141,067;144,933;141,417;146;149,733;21
250625;1900;141,2;144,633;140,9;146,167;149,867;18
250625;2000;142,917;146,433;142,633;148,683;150,933;21
250625;2100;146,9;150,45;145,333;152,417;153,983;21
250625;2200;147,983;152,617;147,583;154,567;155,967;26
250625;2300;147,5;151,3;146,367;153,883;155,4;21
250626;0;149,85;153,933;148,25;156,8;157,833;30
250626;100;149,8;153,8;147,95;156,717;156,917;24
250626;200;150,15;154,867;149,183;156,95;157,783;24
250626;300;150,217;154,167;148,067;156,45;157,2;24
250626;400;150,617;154,933;149,067;157,383;157,883;29
250626;500;151,45;154,867;148,967;157,433;158,067;26
250626;600;152,6;156,067;149,967;159,117;159,4;26
250626;700;153;157,35;150,767;161,183;160,283;29
250626;800;159,467;164,8;158,15;169,367;167,767;34
250626;900;155;159,383;154,45;161,083;163,417;34
250626;1000;144,9;148,133;144,75;150,367;152,9;22
250626;1100;154,217;159,867;157,783;161,083;167,1;44
250626;1200;159,267;165,95;164,783;167,017;175,283;46
250626;1300;161,6;168,467;167,1;168,433;179,25;47
250626;1400;166,25;173,283;171,95;174,85;184,033;54
250626;1500;174,9;182,317;179,817;186,583;195,3;60
250626;1600;168,767;176,133;171,883;182,167;187,183;53
250626;1700;169,55;176,283;168,267;186,917;185,933;53
250626;1800;163,7;167,167;159,683;179,083;173,667;32
250626;1900;173;178,633;167,583;194,433;186,9;48
250626;2000;173,4;179,25;168,033;195,683;188,017;53
250626;2100;163,183;167,517;160,9;181,983;173,683;42
250626;2200;161,6;165,367;158,317;175,933;168,25;37
250626;2300;159,05;163,267;156,367;172,033;166,833;39
250627;0;156,417;159,867;153,833;167,417;163,883;38
250627;100;154,383;157,65;151,217;164,9;161,933;31
250627;200;152,883;156;149,7;163,583;160,6;26
250627;300;152,883;156,083;149,25;163,85;160,517;26
250627;400;149,467;151,483;145,7;161;156,583;24
250627;500;155,467;158,383;151,4;168,683;163,3;28
250627;600;143,917;145,85;139,833;156,65;151,417;21
250627;700;144,433;146,233;139,967;157,133;152,4;22
250627;800;146,3;148,333;142,667;156,933;153,35;25
250627;900;140,75;143,1;138,967;149,217;148,75;25
250627;1000;145,983;148,733;145,55;152,7;153,967;34
250627;1100;148,133;151,567;149,133;157,367;157,617;34
250627;1200;157,267;162,167;158,333;172,05;172,783;47
250627;1300;166,283;172,017;167,217;183,017;184,283;53
250627;1400;175,3;182,233;177,667;193,9;195,917;63
250627;1500;187,317;196,617;190;207,617;210,1;75
250627;1600;201,683;213,433;203,65;223,417;226,25;81
250627;1700;174,9;182,983;174,567;194,35;193,35;55
250627;1800;169,317;175,383;166,233;188,017;184,1;50
250627;1900;185,183;192,967;180,833;207,017;202,65;59
250627;2000;182,033;190,45;178,517;203,317;199,883;59
250627;2100;168,667;176;166,85;183,667;184,483;51
250627;2200;175,5;181,15;170,9;190,267;189,433;52
250627;2300;180,433;186,867;175,5;196,75;195,35;57
250628;0;183;191,167;178,583;202,933;199,333;57
250628;100;182,1;191,35;178,733;201,383;199,083;58
250628;200;181,15;188,033;176,233;198,283;196,683;54
250628;300;183,2;189,683;176,667;203,3;198,467;59
250628;400;177,333;184,117;172,283;198,733;193,633;50
250628;500;174,75;180,267;168,933;198,25;189,083;51
250628;600;176,25;184,367;172,783;198,383;193,25;53
250628;700;179,633;187,433;175,117;201,517;195,783;51
250628;800;179,7;186,467;174,317;203,417;196,583;49
250628;900;179,183;187,483;177,1;201,5;198,033;54
250628;1000;180,567;188,95;181,95;198,233;201,9;59
250628;1100;181,133;189,183;183,8;198,483;201,783;64
250628;1200;193,8;203,233;198,05;210,567;217,833;71
250628;1300;190,867;199,717;193,1;209,067;214,283;68
250628;1400;184,417;191,15;185,05;202,617;205,767;61
250628;1500;173,817;180,367;175,55;187,85;193,133;57
250628;1600;152,183;157,317;153,783;161,117;164,317;34
250628;1700;150,483;153,8;149,883;157,3;158,867;35
250628;1800;147,217;150,133;145,5;153,35;154,8;24
250628;1900;146,617;149,133;144,317;151,733;153,517;28
250628;2000;148,717;152,1;147;154,6;156,017;29
250628;2100;151,867;154,9;149,117;157,983;158,583;31
250628;2200;155,517;158,317;152,033;161,617;161,417;30
250628;2300;158,683;162,15;156,483;166,083;166,183;38
250629;0;158,883;162,433;156,05;167,833;166,283;32
250629;100;161,617;165,233;158,5;174,45;168,933;36
250629;200;161,733;166;159,333;176,217;170;35
250629;300;162,433;166,217;159,333;180,517;171,117;35
250629;400;162,783;166,45;159,717;180,85;170,733;39
250629;500;163,283;166,583;159,6;182,6;171,417;32
250629;600;163,033;166,417;159,25;182,633;171,7;33
250629;700;160,85;163,617;157,517;178,65;169,783;34
250629;800;159,85;162,4;156,167;176,217;168,467;31
250629;900;152,517;155,75;150,517;162,8;160,867;30
250629;1000;152,6;155,8;150,75;161,1;160,583;31
250629;1100;149,417;153,5;150,3;158,267;158,783;35
250629;1200;148,933;152,633;151,233;157,583;160,667;34
250629;1300;159,217;165,1;163,233;169,8;176,117;45
250629;1400;165,867;172,05;170,567;176,667;184,333;48
250629;1500;171,033;178,233;175,233;184,617;190,867;56
250629;1600;178,983;187,8;181,233;197,683;200,15;61
250629;1700;186,183;194,55;184,317;210,4;207,867;63
250629;1800;182,65;187,75;176,3;209,85;200,3;58
250629;1900;176,433;180,517;170,233;201,533;189,733;54
250629;2000;174,95;179,583;170,333;201,917;190,983;52
250629;2100;166,467;170,583;164,233;186,25;177,05;43
250629;2200;163,617;167,567;161,767;180,283;173,667;39
250629;2300;160,233;163,333;157,733;175,617;169,917;35
250630;0;157;159,3;153,783;170,083;166,7;32
250630;100;150;151,65;146,783;163,533;159,8;27
250630;200;142,8;143,6;139,067;156;152,383;24
250630;300;135,683;135,233;130,867;149,25;144,45;19
250630;400;132,267;130,983;127,533;145,867;141,383;15
250630;500;123,433;121,8;116,95;135,933;131,9;11
250630;600;121,067;120,5;114,517;133;129,783;10
250630;700;111,533;111,133;109,483;122;119,667;12
250630;800;106,967;107,25;106,65;110,483;113,083;9
250630;900;112,9;112,633;111,75;114,567;119,95;14
250630;1000;115,85;116,933;119,333;112,783;123,3;19
250630;1100;101,867;103,15;103,733;104,4;107,517;6
250630;1200;116,183;118,183;117,333;120,933;123,55;13
250630;1300;131,4;133,85;132,85;137,267;139,783;20
250630;1400;141,6;143,767;143,267;149,467;150,417;29
250630;1500;161,733;167,883;164,6;176,267;177,133;47
250630;1600;184,033;192,133;186,8;203,433;205,65;71
250630;1700;173,583;180,083;172,583;193,383;193,183;61
250630;1800;179,4;184,383;175,4;198,55;196,45;70
250630;1900;185,1;191,433;181,017;207,483;203,083;67
250630;2000;175,767;181,367;172;196,567;192,367;63
250630;2100;161,7;166,533;160,3;176,25;173,95;47
250630;2200;146,383;149,6;145,733;152,933;155,117;29
250630;2300;142,717;145,633;141,95;149,617;151,2;32
250701;0;136,3;139,267;135,667;143,7;144,5;26
250701;100;132,2;134,05;130,167;139,983;140,383;14
250701;200;150,767;154,833;150,917;158,383;160,167;36
250701;300;142,183;144,967;141,633;149,85;151;26
250701;400;134,183;136,267;132,85;141,55;142,217;20
250701;500;124,583;125,833;122,8;131,767;132,383;15
250701;600;111,517;111,833;110,467;117,75;118,8;11
250701;700;106,067;106,75;106,5;110,4;112,2;8
250701;800;107,533;108,267;107,95;111,067;113,917;10
250701;900;112,583;113,05;113,267;114,467;120,567;19
250701;1000;117,233;118,55;118,167;119,433;124,417;20
250701;1100;123,317;125,15;124,8;128,583;131,033;30
250701;1200;117,95;120,483;119,017;122,167;126,033;18
250701;1300;135,833;138,3;137,617;142,45;144,55;28
250701;1400;139,533;142,417;141,733;146,2;148,5;30
250701;1500;144,283;146,917;146,567;151,25;153,467;37
250701;1600;142,15;144,5;143,8;148,817;151,083;36
250701;1700;141,333;143,883;140,983;146,25;148,933;32
250701;1800;143,733;146,55;143,367;147,45;151,117;42
250701;1900;146,8;149,933;146,7;151,233;154,783;43
250701;2000;145,417;148,583;145,583;150,883;153,8;38
250701;2100;146,833;150,183;146,75;152,083;154,467;37
250701;2200;140,55;143,667;140,8;146,583;148,9;31
250701;2300;137,083;139,467;136,633;143,083;144,517;29
250702;0;129,333;130,617;128,65;135,983;137,367;19
250702;100;119,067;119,15;116,65;124,867;126,433;13
250702;200;109,433;109,633;108,85;116,333;117,95;9
250702;300;103,883;104,617;104,183;108,017;109,783;8
250702;400;102,65;102,867;103,1;106,233;108,117;6
250702;500;100,233;100,683;101,183;104,05;105,467;6
250702;600;98,55;99,3;100,133;102,433;103,867;3
250702;700;98,483;99,4;100,217;102,3;103,767;5
250702;800;100,617;101,05;101,85;103,2;105,9;8
250702;900;102,15;102,817;103,683;104,017;107,617;10
250702;1000;117,133;118,483;117,883;121,567;124,383;17
250702;1100;111,217;112,95;112,65;115,233;118,05;13
250702;1200;129,883;132,283;130,967;135,85;137,767;19
250702;1300;133,85;136,533;135,333;140,55;142,033;25
250702;1400;137,9;140,7;139,417;145,517;146,4;34
250702;1500;141,8;144,383;143,283;150,917;150,717;34
250702;1600;142,333;145,25;144,1;151,433;151,133;37
250702;1700;143,017;145,717;143,317;150,933;151,283;35
250702;1800;145,317;148,167;144,933;151,817;152,817;39
250702;1900;138,4;140,733;138,283;145,233;146,283;30
250702;2000;135,783;137,95;135,383;141,683;143,15;19
250702;2100;131,533;133,383;131,283;137,25;139,633;22
250702;2200;120,467;121,367;119,667;125,55;127,633;16
250702;2300;106,533;106,983;106,8;110,933;112,967;9
250703;0;99,633;100,383;101,233;103,333;104,917;9
250703;100;98,383;99,217;100,233;102,333;103,7;4
250703;200;98,017;99;100;102;103;1
250703;300;98;99;100;102;103;1
250703;400;98;99;100;102;103;1
250703;500;98;99;100;102;103;1
250703;600;98;99;100;102;103;1
250703;700;98;99;100;102;103;3
250703;800;98,05;99;100,017;102;103,033;2
250703;900;99,867;100,717;101,533;102,867;105,15;7
250703;1000;102,283;103,1;103,8;103,65;107,267;17
250703;1100;102,6;103,6;104,283;105,317;108,1;12
250703;1200;127,083;129,367;128,35;131,383;134,8;24
250703;1300;122,667;125,133;123,6;126,683;130,2;20
250703;1400;122,817;125,033;123,817;126,9;130,467;18
250703;1500;126,017;128,167;126,733;131,55;133,6;24
250703;1600;131,783;134,317;133,35;138,517;139,9;32
250703;1700;131,167;132,917;131,633;136,05;138,367;26
250703;1800;131,433;133,283;131,767;134,7;137,883;26
250703;1900;127,017;128,3;126,983;130,633;134,233;24
250703;2000;120,517;121,45;120,4;124,133;127,817;23
250703;2100;122,017;123,067;122,5;125,75;129,433;22
250703;2200;120,317;121,033;119,667;123,5;127,65;16
250703;2300;109,783;110,367;110,017;113,717;117,267;13
250704;0;103;103,883;104,083;106,783;108,483;9
250704;100;102,617;103,283;103,35;106,333;108,2;6
250704;200;102,333;103,033;103,3;105,983;107,867;5
250704;300;99,767;100,467;101,083;103,383;105,2;4
250704;400;98,933;99,517;100,25;102,6;104,1;5
250704;500;98,1;99,067;100,017;102,05;103,15;4
250704;600;98,117;99,133;100,067;102,083;103,3;5
250704;700;100,55;101,167;101,833;103,55;105,867;6
250704;800;101,517;102,367;102,9;104,3;107,267;12
250704;900;99,85;100,817;101,767;102,583;105,267;7
250704;1000;99,033;99,917;100,833;102,1;104,2;4
250704;1100;100,633;101,883;102,45;104,033;106,083;10
250704;1200;111,067;112,5;112,117;114,367;117,967;10
250704;1300;121,05;123,1;122,85;124,517;128,65;10
250704;1400;133,317;135,55;134,733;139,267;141,917;22
250704;1500;152,183;156,717;155,017;156,517;166,067;36
250704;1600;142,3;145,45;144,4;149,8;151,3;40
250704;1700;141,15;143,783;142,117;147,333;149,417;32
250704;1800;146,517;149,317;146,133;150,533;153,433;41
250704;1900;149,233;152,233;148,483;154,067;156,567;39
250704;2000;146,1;149,217;145,633;151,5;154;37
250704;2100;145,583;148,667;145,333;150,6;153,317;34
250704;2200;143,15;146,183;142,417;148,8;150,883;32
250704;2300;141,417;144,35;140,533;147,017;148,95;28
250705;0;130,55;131,917;128,917;136,567;137,5;23
250705;100;131,35;132,083;128,017;138,467;138,2;14
250705;200;168,633;175,05;163,033;202,717;182,183;39
250705;300;165,1;171,067;161,883;194,25;178,267;35
250705;400;164,05;169,833;161,483;191,267;176,667;39
250705;500;161,883;165,85;159,067;182,267;171,65;33
250705;600;164,867;172,25;162,533;196,383;179,75;38
250705;700;163,633;168,9;160,717;192,233;176,333;38
250705;800;160,5;165,183;158,25;186,633;171,167;37
250705;900;158,017;163,233;157,467;178,533;169,4;40
250705;1000;157,683;161,85;157,017;179,6;171,75;46
250705;1100;155,633;160,833;157,633;171,35;170,217;52
250705;1200;159,2;165,85;162,3;179,2;176,683;57
250705;1300;164,217;170,283;165,467;188,683;182,367;56
250705;1400;166,283;172,9;167,95;191,5;185,5;60
250705;1500;171,583;178,55;171,833;200,583;190,417;63
250705;1600;173,017;179,15;172,45;201,767;192,317;59
250705;1700;177;183,833;175;209;196,15;65
250705;1800;151,667;155,817;150,617;168,367;161,383;35
250705;1900;146,5;149,983;145,65;157,783;154,883;35
250705;2000;146,217;149,467;145,25;156,917;154,067;28
250705;2100;130,817;133,667;129,2;139,633;138,15;13
250705;2200;131,017;133,85;128,583;139,65;138,15;12
250705;2300;129,85;131,067;126,083;137,133;135,883;8
250706;0;132,9;134,333;128,65;139,883;137,967;16
250706;100;122,367;123,4;118,917;130,1;128,183;7
250706;200;119,767;120,317;114,6;127,2;125,183;8
250706;300;129,233;131,15;125,05;137,867;134,917;11
250706;400;132,85;134,367;128,467;141,9;139,05;17
250706;500;128,7;130,333;124,85;138,867;134,817;11
250706;600;124,233;125,5;120,067;135,767;130,45;12
250706;700;118,433;119,117;113,8;129,55;125,2;11
250706;800;108,183;108,483;106,45;116,05;113,217;9
250706;900;117,95;118,867;116,583;126,267;124,917;12
250706;1000;132,95;135,5;132,5;141,333;140,6;17
250706;1100;126,083;127,567;126,233;132,683;133,15;12
250706;1200;120,517;122,05;121,133;126,733;128,1;10
250706;1300;124,067;126,033;124,483;130,917;131,95;10
250706;1400;126,7;128,633;127,417;133,517;134,75;16
250706;1500;130,517;133,017;131,983;138,117;138,65;20
250706;1600;132,8;135,15;133,433;141,067;140,867;20
250706;1700;134,5;136,15;133,717;142,083;141,817;23
250706;1800;136,05;137,533;133,9;143,967;142,333;22
250706;1900;140,1;141,967;137,967;148,467;146,583;27
250706;2000;142,017;144,6;139,883;150,933;149,2;25
250706;2100;138,217;140,867;136,467;147,817;145,467;19
250706;2200;136,033;138,383;133,733;146,017;143,167;24
250706;2300;137,867;139,7;135,2;147,367;143,933;16
250707;0;130,683;132,433;127,583;141,15;137,75;20
250707;100;128,233;129,267;125,133;139,55;135,767;16
250707;200;125,283;125,967;121,983;136,917;132,067;12
250707;300;118,733;118,4;113,033;130,4;125,817;10
250707;400;114,883;114,617;110,933;126,917;121,583;9
250707;500;107,817;107,867;106,733;117,617;113,6;6
250707;600;104,933;105,133;104,733;111,05;110,517;7
250707;700;103,8;103,9;103,7;108,817;109,367;8
250707;800;104,167;104,567;104,383;108,183;109,867;7
250707;900;105,6;106,133;106,517;107,517;111,35;12
250707;1000;110,6;111,233;111,217;114,6;117,333;11
250707;1100;118,883;120,95;120,417;122,7;125,717;11
250707;1200;117,233;119,333;118,133;121,967;124,467;10
250707;1300;118,8;120,967;119,717;124,067;126,2;21
250707;1400;127,367;129,883;127,983;133,733;135,283;19
250707;1500;134,7;137,55;135,75;143,233;143,167;33
250707;1600;138,917;141,717;139,95;148,7;147,317;38
250707;1700;141,8;144,533;141,2;151,6;149,95;40
250707;1800;143,7;146,3;142,433;152,5;150,967;39
250707;1900;137,267;139,533;136,717;145,583;145,067;31
250707;2000;132,4;134,083;130,75;139,817;139,75;25
250707;2100;134,417;136,483;133,817;142,933;142,433;29
250707;2200;136,317;138,317;135,267;145,367;143,95;27
250707;2300;129,817;130,85;127,5;139,333;137,5;22
250708;0;125,467;126,783;124,183;136,35;133,25;16
250708;100;114,483;113,967;111,783;124,883;121,883;12
250708;200;105,567;105,65;105,333;112,233;111,483;7
250708;300;100,883;101,4;101,783;106,733;106,483;4
250708;400;99,017;99,6;100,367;103,417;104,35;2
250708;500;98,083;99;100,017;102,067;103,033;2
250708;600;98,017;99,033;100;102,483;103,05;1
250708;700;98,5;99,217;100,167;102,233;103,767;2
250708;800;101,45;102,283;102,867;104,4;106,85;7
250708;900;108,967;109,85;110,167;109,6;116,333;14
250708;1000;113,55;115,167;114,683;117,5;120,933;14
250708;1100;126,55;128,833;128,15;131,15;134,083;23
250708;1200;121,917;124,367;123,033;126,2;129,733;21
250708;1300;131,683;134,117;133;137,617;140,133;26
250708;1400;145,25;148,133;147,417;151,8;154,967;44
250708;1500;153,233;157,95;155,5;164,217;166,6;48
250708;1600;152,733;157,717;156,1;163,267;165,45;53
250708;1700;148,583;152,667;150,483;152,3;157,5;43
250708;1800;153,75;157,05;152,45;156,4;160,417;44
250708;1900;156,617;160,283;155,183;161,15;163,733;42
250708;2000;155,517;159,083;153,9;160,033;162,4;39
250708;2100;155,25;159,233;154,3;160,983;163,4;37
250708;2200;151,033;154,2;149,767;156,767;158,233;36
250708;2300;152,767;156,117;151,567;159,317;160,85;39
250709;0;144,733;147,5;142,4;157,717;151,483;30
250709;100;141,3;143,55;138,533;148,733;147,883;22
250709;200;142,617;145,05;140,333;151,667;149,65;25
250709;300;160,3;165,217;157,633;173,95;168,133;29
250709;400;159,083;163,433;156,283;171,283;166,333;26
250709;500;157,3;161,167;154,15;167,533;164,183;27
250709;600;156,217;159,483;153,133;164,75;163,083;29
250709;700;154,517;158,633;152,133;163,333;161,7;31
250709;800;152,367;155,483;149,717;160,083;159,433;33
250709;900;152,283;155,417;149,633;159,683;159,9;32
250709;1000;153,217;156,733;151,5;162,683;162,267;36
250709;1100;155,55;159,5;154,3;169,983;165,4;39
250709;1200;156,05;159,633;154,167;170,6;165,283;41
250709;1300;154,033;157,4;153,617;169,133;166,45;45
250709;1400;157,583;162,667;158,1;177,883;174,833;53
250709;1500;166,833;173,5;165,4;194,8;185,2;56
250709;1600;172,567;180,933;170,1;207,267;190,9;59
250709;1700;171,683;179,617;168,417;208;190,583;54
250709;1800;172,167;180,267;168,433;209,35;189,733;59
250709;1900;170,417;177,867;166,333;206,333;188,75;59
250709;2000;171,1;178,717;167,183;208,833;188,433;61
250709;2100;169,967;176,867;165,75;208,517;187,283;62
250709;2200;168,217;176,483;165,283;208,233;186,017;63
250709;2300;163,483;170,083;161,917;197,333;178,617;56
250710;0;161,667;166,483;159,783;190,683;174,417;50
250710;100;161,117;165,167;158,517;186,017;170,467;50
250710;200;160,117;164,117;157,067;183,383;168,333;43
250710;300;160,867;165,183;157,45;187;169,283;42
250710;400;161,217;165;157,433;189,567;169,4;44
250710;500;160,033;164,167;156,417;187,8;168,683;39
250710;600;160,1;164,4;156,967;190,617;168,733;38
250710;700;158,7;163,333;155,833;186,483;168,283;40
250710;800;158,533;162,183;155,517;183,733;166,983;42
250710;900;157,733;162,083;156,117;178,233;166,917;45
250710;1000;160,517;165,75;160,867;183,233;173,55;51
250710;1100;149,95;153,417;150,483;160,217;159,317;48
250710;1200;150,6;155,883;153,233;163,4;163,983;54
250710;1300;158,917;166,2;162,267;176,15;175,55;64
250710;1400;164,75;172,233;168,417;183,95;183;73
250710;1500;161,833;169,9;165,217;180;178,967;66
250710;1600;170,633;178,65;174,067;194,583;190,583;71
250710;1700;175,583;183,417;175,7;202,6;194,8;74
250710;1800;179,2;185,467;175,933;211,4;196,9;76
250710;1900;183,383;190,167;177,85;215,767;201,067;78
250710;2000;174,467;179,933;170,233;202,1;189,617;66
250710;2100;164,067;168,467;162,017;186,367;175,95;51
250710;2200;157,917;161,317;156,367;172,567;166,6;43
250710;2300;142,05;144,4;140,317;152,133;150,55;31
250711;0;128,783;129,283;126,533;139,1;136,833;17
250711;100;126,6;127,2;123,867;137,867;134,7;17
250711;200;118,917;118,817;114,7;130,05;127,633;14
250711;300;106,75;106,85;106,183;115,5;113,467;11
250711;400;100,2;100,85;101,367;104,883;105,783;6
250711;500;99;99,65;100,5;103,2;104,267;4
250711;600;98;99;100;102,017;103;3
250711;700;98,367;99,133;100,167;102,167;103,383;3
250711;800;98,7;99,583;100,333;102,317;103,9;7
250711;900;98,983;100,033;100,85;102,2;104,35;5
250711;1000;100,317;101,283;102,333;102,383;105,35;6
250711;1100;108,95;110,883;110,783;110,667;115,45;11
250711;1200;106,483;108,05;107,833;109,233;113;7
250711;1300;119,75;121,7;121,483;121,2;127,133;15
250711;1400;136,983;139,517;139,067;141,717;145,583;30
250711;1500;147,033;150,183;148,95;155,183;157,85;36
250711;1600;148,133;152,433;150,767;157,567;160,033;44
250711;1700;151,333;154,767;151,9;159,933;162,4;48
250711;1800;146,383;149,417;145,883;152,017;154,433;39
250711;1900;138,35;140,783;137,633;144,333;146,117;25
250711;2000;141,067;143,617;141,017;147,05;149,717;29
250711;2100;139,9;142,317;139,233;145,933;148,233;26
250711;2200;141,483;143,883;141,3;147,033;150,133;30
250711;2300;135,95;137,517;135,25;140,717;144,25;24
250712;0;123,75;124,517;121,833;129,283;131,783;15
250712;100;113,533;113,833;112,617;119,383;121,383;12
250712;200;112,383;112,533;111,35;118,233;120,567;15
250712;300;101,817;102,35;102,533;105,617;107,383;6
250712;400;101,217;101,617;101,833;104,95;106,633;6
250712;500;99,533;100,183;100,967;103,533;105,017;4
250712;600;98,183;99,1;100,067;102,183;103,35;2
250712;700;98;99;100;102;103,033;5
250712;800;98,217;99,033;100,05;102,117;103,217;3
250712;900;100,583;101,167;102,35;103,283;105,717;12
250712;1000;116,233;118,333;117,533;120,9;122,917;15
250712;1100;141,383;144,117;143,183;148,733;149,783;37
250712;1200;144,167;146,817;145,583;152,867;153,533;36
250712;1300;144,017;146,6;145,283;152,85;153,3;38
250712;1400;149,75;153,867;151;164,85;162,9;49
250712;1500;161,483;167,533;163,3;183,7;179,317;64
250712;1600;175,25;183,867;178,433;197,6;194,667;71
250712;1700;176,633;183,767;178,967;200,05;195,767;73
250712;1800;175,25;180,5;173,183;199,7;192,1;67
250712;1900;177,683;182,517;173,617;205,767;194,233;68
250712;2000;171,467;176,417;169,083;197,467;188,633;65
250712;2100;159,95;164,05;159,533;176,15;171,7;54
250712;2200;157,667;161,25;157,183;170,267;167,583;49
250712;2300;144,533;147,167;143,017;153,167;152,7;30
250713;0;138,45;140,983;137,417;146,417;146,433;24
250713;100;138,517;140,65;137,9;145,633;146,533;25
250713;200;139,733;141,517;138,083;148,75;148,517;25
250713;300;146,483;148,783;144,45;157,2;155,583;32
250713;400;144,583;146,65;142,55;155,7;152,85;25
250713;500;144,5;146,717;142,083;157,367;152,567;25
250713;600;143,367;144,917;140,367;156,05;151,65;28
250713;700;143,483;144,833;140,233;156,95;151,567;23
250713;800;140,1;141,567;137,417;152,9;148,767;24
250713;900;138,2;140,783;137,483;147,567;146,917;24
250713;1000;157,183;163,383;158,3;170;170,217;46
250713;1100;163,3;169,883;165,433;177,983;180,267;49
250713;1200;160,117;167,717;163,65;172,233;176,083;51
250713;1300;196,133;207,333;202,8;214,25;221,7;82
250713;1400;211,8;224,45;219,267;231,95;241,067;95
250713;1500;224,683;239,75;233,617;250,817;255,667;106
250713;1600;227,417;242,45;232,15;260,983;260,3;105
250713;1700;215,467;228,55;213,433;256,617;242,267;86
250713;1800;203,9;214,633;197,183;253,583;225,65;74
250713;1900;207,617;218,567;199,6;266,167;231,217;77
250713;2000;208,383;216,883;198,35;262,017;230,433;76
250713;2100;208,917;217,983;199,083;263,65;231,4;76
250713;2200;204,75;214,35;196,2;259,617;228,45;81
250713;2300;200,017;210,8;193,633;253,35;223,15;78
250714;0;196,35;206,367;189,45;246,817;218,35;84
250714;100;194,567;206,483;189,033;251,55;217,033;72
250714;200;186,867;196,167;180,2;234,017;206,867;73
250714;300;181,8;190,583;175,717;227,767;200,917;73
250714;400;174,617;180,733;168,867;216,833;192,517;63
250714;500;173,683;178,983;167,633;213,733;190,367;63
250714;600;173,783;178,983;168,133;216,7;190,083;60
250714;700;173,567;178,517;167,65;217,05;188,883;52
250714;800;176,4;181,883;168,95;220,717;193,217;65
250714;900;175,733;182,733;169,967;220,05;194,517;71
250714;1000;174,967;182,95;171,367;215,167;194,417;73
250714;1100;173,933;180,95;173,833;205,5;194,15;80
250714;1200;173,117;182,95;175,85;199,533;193,617;78
250714;1300;180;190,567;183,117;213,217;202,433;83
250714;1400;183,083;192,383;184,65;217,8;205,767;82
250714;1500;187;197,9;187,083;225,5;211,167;84
250714;1600;189,867;200,2;188,617;230,567;213,4;84
250714;1700;192,933;201,667;188,133;237,483;215,467;85
250714;1800;195,383;206,5;188,9;245,867;217,533;86
250714;1900;195,017;203,217;187,583;245,1;214,767;83
250714;2000;198,2;205,917;188,617;247,183;216,567;86
250714;2100;196,9;205,9;189,15;248,633;217,3;82
250714;2200;197,7;208,517;191,3;250,367;219,833;87
250714;2300;198,6;207,217;190,683;250,967;218,95;82
250715;0;196,267;204,55;187,583;245,833;214,8;76
250715;100;196,767;205,3;188,3;248,267;216,167;76
250715;200;193,733;203,9;186,067;246,5;214,217;77
250715;300;189,267;198,383;181,45;239,217;209,067;76
250715;400;190,15;196,933;180,817;242,967;208,6;68
250715;500;172,95;179,35;168,25;216,183;188,15;55
250715;600;157,05;160,717;154,067;177,117;166,167;39
250715;700;166,55;171,517;162,367;201;177,8;54
250715;800;165,067;169,1;161,233;193,417;173,917;47
250715;900;160,517;164,333;158,133;183,1;170,433;46
250715;1000;162,9;168,517;161,467;190,983;179,167;62
250715;1100;160,45;165,6;158,767;189,017;176,483;59
250715;1200;160,233;165,9;160,45;181,117;173,2;47
250715;1300;202,017;216,1;203,783;239,983;229,917;96
250715;1400;208,35;219,317;209,983;243,667;237,3;101
250715;1500;195,433;205,117;198,167;227,117;221,517;91
250715;1600;159,633;164,683;160,417;180,967;175,717;54
250715;1700;160,567;166,3;159,633;187,033;176,7;56
250715;1800;188,8;196,95;183,683;228,367;209,083;78
250715;1900;187,767;196,9;182,15;229,883;207,067;69
250715;2000;188;195,917;180,667;228,117;205,15;72
250715;2100;179,067;186,267;173,05;219,15;195,967;64
250715;2200;165,5;170,083;162,433;194,167;176,833;47
250715;2300;163,767;167,45;160,4;186,483;171,617;47
250716;0;158,233;162,233;155,8;174,217;166,917;43
250716;100;149,533;152,133;146,417;162,6;158,267;31
250716;200;154,617;157,3;151,333;169,1;163,383;30
250716;300;154,733;156,45;150,717;170,083;162,617;32
250716;400;146,717;148,9;143,4;162,25;155,683;29
250716;500;149,633;151,967;146,233;166,083;158,8;35
250716;600;151,133;152,7;147,383;168,317;160,317;31
250716;700;146,667;148,3;143,033;163,867;155,45;30
250716;800;141,867;142,917;138,467;157,583;150,383;29
250716;900;136,45;137,683;133,917;148,383;144,817;31
250716;1000;143,283;145,95;141,9;153,583;151,483;29
250716;1100;149,233;153,15;149,917;163,733;160,4;43
250716;1200;138,233;140,8;139,45;146,483;147,35;33
250716;1300;133,317;135,983;134,783;140,5;141,95;21
250716;1400;151,333;157,583;154,167;164,533;165,45;53
250716;1500;160,067;167,317;163,45;177,833;177,217;57
250716;1600;165,883;172,85;168,433;186,3;183,817;68
250716;1700;166,083;171,6;165,333;189,133;183,333;61
250716;1800;174,383;179,817;170,217;200,15;190;67
250716;1900;172,333;177,167;168,5;200,15;188,05;60
250716;2000;163,2;166,883;161,35;183,333;173,9;51
250716;2100;157,067;160,533;155,533;171,133;166,417;42
250716;2200;148,033;150,567;146,4;158,7;157,3;36
250716;2300;136,55;137,983;134,75;147,65;145,833;21
250717;0;126,217;126,267;123,017;136,1;134,267;18
250717;100;110,483;110,65;109,333;120,867;119,7;11
250717;200;105,617;105,75;105,467;111,4;111,8;8
250717;300;104,317;104,3;103,833;109,717;109,967;10
250717;400;102,65;102,517;102,917;108,383;108,583;7
250717;500;100,4;100,717;101,233;105,367;106;6
250717;600;100,1;100,817;101,533;103,983;105,65;4
250717;700;99,433;99,95;100,617;102,783;104,767;5
250717;800;100,233;100,75;101,667;103,2;105,483;8
250717;900;104,017;104,683;105,5;105,367;109,45;16
250717;1000;99,233;100,217;101,033;102,283;104,3;3
250717;1100;111,65;113,317;114,3;110,8;117,85;14
250717;1200;126,25;129,033;129,883;124,1;134,1;25
250717;1300;116,217;118,567;118,45;113,517;123,617;8
250717;1400;127,883;130,4;130,4;128,083;135,883;20
250717;1500;139,05;141,667;141,133;144,533;147,5;28
250717;1600;141,917;145,167;144;149,233;150,95;36
250717;1700;144,233;146,95;144,85;150,783;152,7;43
250717;1800;133,333;135,717;134,25;137,667;141,117;25
250717;1900;124,767;126,55;125,167;128,75;132,45;18
250717;2000;126,333;127,383;126,067;129,8;133,633;24
250717;2100;123,183;124,05;123,15;127;131,3;18
250717;2200;110,05;110,567;110,033;114;116,55;10
250717;2300;104,933;105,85;105,983;108,1;110,933;10
250718;0;99,533;100,083;100,917;103,167;104,55;9
250718;100;99,2;99,817;100,833;102,867;104,383;5
250718;200;98,867;99,6;100,467;102,617;104,117;3
250718;300;98;99,017;100,017;102;103,083;2
250718;400;98;99;100;102;103;1
250718;500;98,017;99;100;102;103;2
250718;600;98;99,017;100;102;103;2
250718;700;98,033;99,033;100,05;102;103,05;2
250718;800;100;100,933;101,633;102,967;105,433;10
250718;900;105,267;106,05;107,067;107,1;111,383;15
250718;1000;101,45;102,117;103,05;103,683;106,633;13
250718;1100;121;123,233;123,333;123,7;127,983;27
250718;1200;134,283;136,8;136,667;137,483;142,6;30
250718;1300;141,417;143,95;143,517;146,983;150,083;36
250718;1400;135,6;138,4;137,433;141,767;143,967;42
250718;1500;122,817;125,117;124,3;127,25;130,4;25
250718;1600;135,923;138,654;137,615;142;143,962;38
250718;1700;98;99;100;102;103;47
250718;1800;98;99;100;102;103;39
250718;1900;98;99;100;102;103;32
250718;2000;98;99;100;102;103;28
250718;2100;98;99;100;102;103;31
250718;2200;98;99;100;102;103;28
250718;2300;98;99;100;102;103;19
250719;0;98;99;100;102;103;22
250719;100;98;99;100;102;103;16
250719;200;98;99;100;102;103;24
250719;300;98;99;100;102;103;15
250719;400;98;99;100;102;103;15
250719;500;98;99;100;102;103;13
250719;600;98;99;100;102;103;11
250719;700;98;99;100;102;103;11
250719;800;108,909;108,909;108,091;114,091;115,364;8
250719;900;111,433;111,733;111,317;115,65;118,817;10
250719;1000;111,167;111,633;111,833;113,833;117,817;9
250719;1100;125,633;127,633;126,917;130,967;132,867;15
250719;1200;133,467;135,5;134,7;140,833;141,767;26
250719;1300;138,783;141,35;140,167;147,483;147,483;31
250719;1400;134,283;136,183;134,767;141,2;142,317;23
250719;1500;148,117;151,917;149,667;160,9;159,817;39
250719;1600;163,667;170,683;165,533;184,617;181,35;65
250719;1700;162,9;168,467;163,517;185,017;179,667;55
250719;1800;157,583;161,95;157,2;178,317;172,967;55
250719;1900;164,65;169,55;163,867;186,467;180,517;67
250719;2000;163,233;168,667;162,817;186,033;179,333;59
250719;2100;157,283;160,967;156,183;176,133;170,467;49
250719;2200;156,367;159,567;155,1;170,383;166,683;49
250719;2300;148,5;150,533;147,2;155,417;156,233;34
250720;0;140,183;142,317;139,417;147,117;148,333;31
250720;100;133,817;135,2;132,95;140,05;141,267;21
250720;200;128,35;130,167;127,7;136;136,65;20
250720;300;120,067;121,067;118,983;127,867;127,667;13
250720;400;118,783;119,467;116,383;126,183;126,067;13
250720;500;122,567;123,717;120,5;131,6;130,333;16
250720;600;111,65;111,867;110,95;119,883;119,3;12
250720;700;111,817;112,217;110,733;119,617;119,15;11
250720;800;105,083;105,783;105,783;109,617;110,933;6
250720;900;102,95;103,633;104,4;106,783;108,6;5
250720;1000;107,233;107,733;108,483;109,067;113,4;5
250720;1100;113,267;114,667;113,483;115,767;120,633;8
250720;1200;118,083;119,683;118,1;124,867;125,85;12
250720;1300;113,433;115,117;113,583;118,7;120,85;10
250720;1400;126,883;128,8;127,583;134,367;135,033;16
250720;1500;139,683;142,067;140,983;148,35;148,317;33
250720;1600;138,317;140,933;139,617;147,567;147,183;36
250720;1700;147,967;151,417;149,517;161,35;159,117;50
250720;1800;148,283;151,017;147,15;155,55;156,05;47
250720;1900;148,25;151,25;147,1;155,15;156,25;43
250720;2000;152,683;156,083;151,717;161,667;160,967;51
250720;2100;152,9;156,367;151,983;162,633;161,483;42
250720;2200;151,983;155,367;151,383;161,983;161,45;44
250720;2300;145,983;149,217;145,8;153,967;154,583;35
250721;0;148,65;151,717;147,333;156,65;156,9;36
250721;100;147,833;151,267;146,817;155,817;156,25;36
250721;200;141,183;143,75;140,1;149,667;149,7;28
250721;300;140,167;143;139,367;148,717;148,833;25
250721;400;134,133;136,117;132,633;141,9;141,733;26
250721;500;138,017;140,617;137,017;146,483;146,483;28
250721;600;134,433;136,083;133;142;142,1;27
250721;700;133,717;135,833;132,517;140,6;141,217;23
250721;800;133,417;135,633;132,7;140;140,783;26
250721;900;134,817;137,067;134,767;139,933;142,233;29
250721;1000;150,833;155,2;152,15;161,833;163,05;42
250721;1100;148,383;152,217;150,55;158,983;159,95;44
250721;1200;147,817;151,4;149,95;158,1;159,333;45
250721;1300;151,067;155,617;153,2;164,1;165,083;48
250721;1400;157,15;162,883;159,5;171,433;173,117;55
250721;1500;156,55;162,467;158,95;171,917;173;50
250721;1600;150,75;156,217;152,867;165,017;164,983;47
250721;1700;159,167;165,9;161,4;178,9;176,15;60
250721;1800;159;162,65;157,65;175,917;172,1;55
250721;1900;157,05;161,1;155,85;173,05;168,283;50
250721;2000;158,683;162,75;157,7;177,25;171,65;53
250721;2100;158,083;162,5;157,067;175,067;170,783;50
250721;2200;154,667;158,65;153,917;167,083;165,333;46
250721;2300;151,05;154,633;150,167;159,367;159,8;40
250722;0;151,85;155,333;150,917;159,433;160,533;43
250722;100;148,1;151,45;146,783;155,483;156,383;32
250722;200;145,15;148,033;143,8;153,2;153,383;28
250722;300;141,817;144,267;140,15;150,117;149,867;23
250722;400;141,1;143,133;139,167;149,267;148,967;26
250722;500;137,617;139,7;135,983;145,85;145;20
250722;600;134,667;136,567;132,667;143,133;142,217;20
250722;700;142,833;145,3;141,183;151,617;151,15;27
250722;800;139,733;142,317;138,583;147,9;148,2;25
250722;900;139,633;142;138,733;146,367;147,967;30
250722;1000;141,333;144,65;142,517;149,133;149,983;38
250722;1100;141,267;143,617;142,417;149,883;150,1;32
250722;1200;135,583;137,85;136,1;143,75;144,167;27
250722;1300;149,85;154,917;151,75;164,283;163,883;48
250722;1400;154,9;160,7;156,517;172,217;170,767;58
250722;1500;154,3;161,267;155,95;174;170,9;61
250722;1600;152,383;158,75;154,167;172,6;167,6;58
250722;1700;152,933;157,967;154,067;172,817;167,833;56
250722;1800;157,95;162,75;156,833;178,083;171,95;64
250722;1900;157,167;161,183;155,85;174,75;168,317;59
250722;2000;145,033;148,433;144,567;154,417;153,7;38
250722;2100;145,083;148,017;144,017;153,917;153,367;32
250722;2200;142,433;145,067;141,133;150,983;150,633;28
250722;2300;133,483;135,7;132,55;141,967;141,717;24
250723;0;127,517;128,967;126,067;135,467;135,617;15
250723;100;121,533;122,717;120,083;129,567;129,25;13
250723;200;117,25;117,167;114,717;124,967;124,817;15
250723;300;111,633;111,7;110,1;121,317;119,883;9
250723;400;111,567;111,517;110,367;122,367;120,733;11
250723;500;117,067;117,533;114,533;126,367;125,433;13
250723;600;118,733;117,6;115,233;127,883;125,983;17
250723;700;123,567;124,217;120,817;134,583;131,717;14
250723;800;135,45;137,1;133,9;143,567;142,95;26
250723;900;138,133;140,55;137,317;145,183;146,333;33
250723;1000;139,567;142,683;140,3;147;148,217;35
250723;1100;146,8;150,45;149,2;153,133;156,167;51
250723;1200;151,367;156,733;154,9;158,8;164,583;51
250723;1300;169,567;177,533;174,9;178,617;189,4;67
250723;1400;171,383;179,45;176,617;182,35;191,05;68
250723;1500;168,317;175,85;172,933;181,883;187,367;62
250723;1600;169,8;177,4;173,967;185,483;188,383;65
250723;1700;171,383;179,267;174,3;189,083;189,217;60
250723;1800;173,817;179,567;171,717;191,517;188,417;55
250723;1900;180,317;186,433;175,75;200,367;195,167;61
250723;2000;178,683;184,9;175,033;202,083;195,167;61
250723;2100;169,65;175,083;166,617;191,683;185,267;56
250723;2200;165,817;170,283;164,067;185,1;180,4;52
250723;2300;157,433;161,033;156;169,6;167,083;40
250724;0;153,133;156,317;151,267;162,15;161,483;46
250724;100;155,633;159,117;154,05;168;164,317;40
250724;200;152,667;155,933;150,4;161,967;160,45;36
250724;300;149,717;152,5;147,067;158,5;157,117;33
250724;400;152,35;156,267;150,8;161,917;160,55;36
250724;500;156,383;160,083;154,083;167,267;164,367;37
250724;600;161,517;166,017;159,183;180,233;172,433;45
250724;700;163,633;169,333;161,15;188,967;174,85;35
250724;800;160,9;167,05;158,917;182,2;173,917;44
250724;900;160,233;165,917;159,533;179,533;174,217;45
250724;1000;177,117;185,067;177,233;199,233;197,017;63
250724;1100;166,483;172,217;167,45;182,017;183,433;57
250724;1200;151,367;156,5;153,95;163,15;165,35;48
250724;1300;140,667;143,817;142,533;148,267;149,617;32
250724;1400;139,4;143,55;141,017;147,767;148,767;26
250724;1500;137,083;139,283;138,183;144,867;145,7;26
250724;1600;139,85;143,133;140,933;147,567;148,083;31
250724;1700;144;147,367;144,133;151;152,517;31
250724;1800;147,9;151,633;147,267;156,4;156,55;35
250724;1900;150,817;153,767;148,333;159,4;158,017;35
250724;2000;153,85;156,8;151,967;163,583;161,833;41
250724;2100;154,017;157,333;151,883;164,017;161,983;37
250724;2200;150,1;153,017;148;158,983;158,033;38
250724;2300;142,65;144,883;141;152,25;150,983;27
250725;0;139,233;141,7;137,467;148,733;147,033;23
250725;100;132,033;133,35;129,3;141,85;139,9;18
250725;200;127,117;128,3;124,617;137,35;134,95;14
250725;300;112,833;112,717;110,667;124,467;120,45;12
250725;400;111;110,717;109,383;123,733;117,75;9
250725;500;102,35;102,883;102,8;108,217;108,15;6
250725;600;101,667;101,917;101,983;106,233;106,95;5
250725;700;102,433;102,6;102,75;107,4;107,983;4
250725;800;106,183;106,783;106,55;110,15;111,95;13
250725;900;105,333;106,1;106,033;108,483;110,933;10
250725;1000;107,833;108,717;108,583;112,1;114,5;12
250725;1100;104,3;105,2;105,75;107,433;110,083;14
250725;1200;131,517;134,533;133,183;137,767;139,5;30
250725;1300;141,833;145,567;143,433;148,617;150,667;35
250725;1400;139,583;143,117;140,967;146,65;148,5;29
250725;1500;143,033;146,167;143,7;149,767;151,883;33
250725;1600;145,167;148,117;145,217;151,917;154,267;37
250725;1700;147,617;150,25;146,45;153,967;155,55;38
250725;1800;151,133;153,883;148,817;157,7;157,867;39
250725;1900;155,483;159,15;153,217;163,95;162,55;47
250725;2000;155,5;159,033;153,333;163,933;162,95;42
250725;2100;153,6;156,8;151,933;160,8;161,367;44
250725;2200;151,867;155,367;150,483;158,817;159,55;38
250725;2300;148,95;151,85;147,15;155,917;156,683;35
250726;0;146,15;149;144,933;153,383;154,233;28
250726;100;143,617;146,517;142,1;151,433;151,4;29
250726;200;138,767;140,95;137,083;147,05;145,85;25
250726;300;136,55;138,183;134,583;144,467;143,717;20
250726;400;135,1;137;132,983;143,483;142,733;17
250726;500;135,667;137,467;133,783;144,717;143,383;17
250726;600;134,767;136,733;132,067;144,083;142,517;17
250726;700;132,7;133,75;129,25;141,9;139,85;23
250726;800;134,3;136,283;132,317;141,983;141,867;23
250726;900;127,633;129,45;127,283;134,15;135,65;17
250726;1000;143,45;146,917;144,1;149,5;152,533;29
250726;1100;140,183;142,75;140,133;145,95;148,75;24
250726;1200;146,233;150,033;147,1;152,65;155,35;35
250726;1300;145,65;149,033;146,167;152,133;155,217;31
250726;1400;140,983;143,883;141,233;147,483;149,7;26
250726;1500;138,867;141,783;139,05;145,75;147,8;27
250726;1600;153,683;158,467;153,933;164,267;166,017;43
250726;1700;164,883;171,633;165,033;181,267;181,317;51
250726;1800;168,433;174,25;165,467;185,783;182,583;52
250726;1900;170,75;176;166;189,2;183,333;51
250726;2000;176,3;180,833;170,433;195,817;189,1;54
250726;2100;179,517;185,533;174,483;200,5;193,6;60
250726;2200;172,083;177,9;168,5;192,583;186,317;50
250726;2300;163,9;168,533;161,3;178,483;174,083;39
250727;0;162,2;166,45;159,95;176,017;171,033;45
250727;100;159,933;164,283;158,117;171,333;168,15;46
250727;200;157,117;161,05;155,283;166,333;164,65;38
250727;300;157,733;162,05;156,117;168,65;165,967;35
250727;400;157,4;162,533;155,95;169,5;166,017;35
250727;500;162,567;168,05;161,217;180,633;175,2;42
250727;600;161,567;167,533;160,15;180,8;173,867;41
250727;700;163,467;170,117;161,75;183,883;177,383;43
250727;800;163,717;169,567;162;184,017;178,017;47
250727;900;157,95;162,683;157,6;173,317;171,267;38
250727;1000;154,567;159,45;154,433;165,183;165,433;38
250727;1100;180,9;191,45;181,967;202,55;201,283;59
250727;1200;178,083;186,483;182,367;192,833;199,117;60
250727;1300;171,35;177,567;173,133;183,45;189,633;60
250727;1400;162,917;168,933;164,95;175,033;178,967;52
250727;1500;172,467;180;175,017;189,4;191;57
250727;1600;180,717;188,95;181,767;202,35;200,6;63
250727;1700;184,017;192,783;183,583;209,017;204,333;60
250727;1800;182,55;190,3;179,783;208,15;200,8;57
250727;1900;185,667;193,35;181,483;211,367;202,583;58
250727;2000;187,683;197,167;184,8;214,467;206,25;59
250727;2100;170,017;177,55;166,9;194,417;185,05;48
250727;2200;180,583;188,717;177,317;206,667;198,1;59
250727;2300;171,017;177,35;167,917;193,533;186,633;53
250728;0;165,467;171,433;162,517;186,667;179,467;49
250728;100;162,717;168,367;160,167;181,75;174,517;43
250728;200;140,467;143,433;139,083;148;148,083;19
250728;300;134,217;136,283;132,6;141,067;141,2;19
250728;400;121,667;122,083;120;128,6;128,6;13
250728;500;107,833;108,183;107,617;112,6;113,517;7
250728;600;134,517;136,4;133,217;142,6;141,85;28
250728;700;144,933;147,383;142,483;153,15;151,783;24
250728;800;132,2;133,467;130,35;138,667;139,467;16
250728;900;124,75;126,35;125,267;129,2;132,283;12
250728;1000;123,6;125,633;124,167;130,2;131,267;15
250728;1100;109,017;110,083;109,8;113,067;115,133;5
250728;1200;139,817;142,35;141,8;145,133;148,45;28
250728;1300;115,467;117,133;116,433;119,133;122,783;11
250728;1400;126,167;128,817;127,383;132,067;133,917;17
250728;1500;142,8;145,833;144,05;151,917;152,05;35
250728;1600;143,65;146,983;145,117;153,633;152,883;36
250728;1700;143,45;146,4;143,7;152,65;151,967;35
250728;1800;144,517;147,083;143,067;151,283;151,883;41
250728;1900;142,733;145,417;141,7;150,767;150,55;29
250728;2000;141,333;144,267;140,95;150,417;149,95;29
250728;2100;143,017;146;142,85;152,367;151,8;32
250728;2200;140,183;142,9;139,267;149,783;148,633;30
250728;2300;131,55;133,167;130,2;139,867;139,167;20
250729;0;124,667;126,167;123,467;134,15;132,533;17
250729;100;122,067;123,467;121,067;130,217;129,2;8
250729;200;114,25;113,8;112,3;123,05;122,783;10
250729;300;117,717;118,617;116,05;126,317;125,583;16
250729;400;123,033;124,317;121,783;132,5;131,15;19
250729;500;133,867;136,2;132,9;143,967;141,983;24
250729;600;131,967;134,267;131,117;141,433;139,883;26
250729;700;117,45;118,35;116,683;124,95;124,483;16
250729;800;123,15;124,967;123,533;131,367;131,217;22
250729;900;122,7;123,7;122,7;129,383;130,183;21
250729;1000;103,933;104,9;105,367;106,9;109,65;8
250729;1100;126,717;128,683;127,917;133,383;134,45;19
250729;1200;126,717;128,7;127,733;132,55;134,467;23
250729;1300;122,517;124,883;123,567;128,433;130,4;18
250729;1400;124,25;126,383;124,767;130,133;132,017;21
250729;1500;132,933;135,933;134,083;141,617;142,667;20
250729;1600;149,583;153,6;151,6;161,733;162,233;51
250729;1700;146,817;149,833;147,833;154,35;155,5;48
250729;1800;138,5;141,583;139,617;145,283;146,217;35
250729;1900;119,4;120,833;119,7;123,933;126,183;19
250729;2000;145,933;149,967;146,883;155,183;154,817;51
250729;2100;147,417;151,183;147,517;154,55;155,417;45
250729;2200;141,617;145,183;142,283;148,95;149,833;38
250729;2300;139,667;142,567;139,483;146,55;147,8;36
250730;0;138,2;141,067;138,317;145,35;146,467;31
250730;100;133,117;135,433;132,867;139,633;140,383;25
250730;200;126,317;127,95;125,983;133,017;133,483;15
250730;300;121,883;123,417;121,9;128,667;129,267;16
250730;400;117,65;118,833;117,083;124,917;125,483;15
250730;500;108,017;108,75;108,133;114,3;114,883;8
250730;600;103,433;104,083;104,733;108;109;8
250730;700;113,4;115,167;114,367;118,017;120,05;14
250730;800;138,083;141,3;138,15;143,883;146,7;27
250730;900;143,317;146,717;142,883;148,2;151,117;34
250730;1000;144,85;148,4;144,933;149,15;152,733;37
250730;1100;143,783;147,467;144,483;148,583;151,983;32
250730;1200;143,7;147,817;146,017;149,867;152,617;37
250730;1300;143,683;146,8;145,867;149,883;152,55;35
250730;1400;142,75;146,583;144,45;148,083;151,217;35
250730;1500;147,15;151,1;148,017;150,983;155,7;36
250730;1600;142,733;146,033;143;147,033;150,5;28
250730;1700;143,517;147,4;143,917;148,083;151,333;32
250730;1800;144,417;147,433;143,967;148,617;151,9;31
250730;1900;140,2;142,8;139,883;144,767;147,517;29
250730;2000;147,383;150,783;146,717;151,683;154,983;36
250730;2100;151,517;155,483;150,4;155,883;159,033;40
250730;2200;148,017;152,333;147,817;153,417;155,883;37
250730;2300;135,6;138,2;134,283;141,683;141,967;18
250731;0;135,6;137,8;133,45;140,917;141,367;20
250731;100;138,617;141,8;137,417;144,667;145,567;21
250731;200;139,783;142,8;138,95;146,317;147,5;18
250731;300;134,45;136,917;133,667;139,583;141,617;18
250731;400;119,433;121,4;119,683;123,933;125,65;8
250731;500;98;99;100;102;103;4
250731;600;98,25;99,25;100,233;102,083;103,333;3
250731;700;98,083;99,05;100,033;102,017;103,017;3
250731;800;98;99;100;102;103;3
250731;900;98;99;100;102;103,017;3
250731;1000;98,05;99,05;100,067;102,05;103,1;3
250731;1100;109,3;110,367;110,6;110,783;115,617;14
250731;1200;100,9;101,617;102,267;104;106,233;8
250731;1300;99,4;100,367;101,167;102,75;104,75;3
250731;1400;99,833;100,6;101,333;103,45;105,417;3
250731;1500;100,85;101,567;102,367;104,633;106,417;6
250731;1600;103,6;104,783;104,517;107,767;108,95;5
250731;1700;105,533;106,317;105,633;109,833;110,533;7
250731;1800;107,1;107,917;107,05;111,267;112,333;10
250731;1900;108,433;109,65;108,2;113,45;113,783;9
250731;2000;111,617;113,533;110,633;119,017;117,817;6
250731;2100;111,283;113,233;110,45;117,033;117,6;7
250731;2200;105,567;106,717;105,867;109,317;110,833;8
250731;2300;102,567;103,867;103;106,35;107,367;5
250801;0;101;101,833;101,883;104,6;105,55;3
250801;100;99,917;100,683;101,25;103,667;104,717;3
250801;200;101,3;102,283;102,25;105,3;106,033;2
250801;300;98;99;100;102;103;4
250801;400;98;99;100;102;103;1
250801;500;98;99;100;102;103;1
250801;600;98,167;99,133;100,15;102,083;103,167;1
250801;700;98;99;100;102;103;2
250801;800;98,5;99,283;100,117;102,067;103,367;1
250801;900;98,367;99,3;100,2;102,183;103,333;1
250801;1000;98;99;100;102;103;1
250801;1100;98;99;100;102;103;1
250801;1200;98;99;100;102;103;1
250801;1300;98,7;99,417;100,533;102,217;103,683;1
250801;1400;98,7;99,617;100,667;102,117;103,733;1
250801;1500;98;99;100;102;103;1
250801;1600;98,017;99;100,017;102;103;2
250801;1700;98,617;99,567;100,45;102,233;103,817;5
250801;1800;99,833;100,717;101,467;103,1;104,917;6
250801;1900;100,117;100,967;101,65;103,317;105,333;3
250801;2000;99,3;100,017;100,783;102,517;104,25;1
250801;2100;98,117;99,067;100,033;102;103,117;3
250801;2200;100,633;101,683;101,833;103,433;105,7;7
250801;2300;103,4;104,417;103,883;105,617;108,183;7
250802;0;101,717;102,65;102,667;104,767;106,75;8
250802;100;98,05;99,05;100,033;102,017;103,05;4
250802;200;98;99;100;102;103;1
250802;300;98;99;100;102;103;1
250802;400;98;99;100;102;103;1
250802;500;98;99;100;102;103;1
250802;600;98;99;100;102;103;1
250802;700;98;99;100;102;103;1
250802;800;98;99;100;102;103;1
250802;900;98;99;100;102;103;1
250802;1000;98;99;100;102;103;1
250802;1100;98,417;99,433;100,45;102,067;103,6;1
250802;1200;98,133;99,033;100,05;102;103,067;3
250802;1300;99,433;100,517;101,283;102,867;104,617;5
250802;1400;103,75;105,4;105,35;106,417;109,483;8
250802;1500;108,317;108,983;109,017;109,5;114,433;8
250802;1600;112,167;113;112,633;112,283;118,8;7
250802;1700;123;125,133;122,9;124,917;129,617;10
250802;1800;128,917;131,233;127,967;131,25;135,05;11
250802;1900;135,783;137,767;132,75;137,083;140,733;13
250802;2000;138,9;141,633;136,5;140,583;143,55;19
250802;2100;141,133;143,333;138,2;142,55;146,017;20
250802;2200;130,317;132,017;128,2;132,967;135,8;16
250802;2300;119,583;120,1;116,5;123,467;125,667;9
250803;0;106,7;107,3;106,833;110,333;112,55;7
250803;100;108,867;109,283;108,783;112,25;114,867;7
250803;200;100,017;100,767;101,2;103,667;105,017;6
250803;300;98,767;99,617;100,317;102,483;103,683;3
250803;400;99,4;100,05;100,533;102,9;104,4;1
250803;500;98,733;99,483;100,267;102,317;103,767;1
250803;600;98,583;99,183;100,183;105,75;103,383;3
250803;700;98,083;99,05;100,017;104,917;103,067;2
250803;800;104,833;105,417;105,033;108,983;110,1;6
250803;900;104,717;105,467;105,15;108,7;110;8
250803;1000;108,533;108,95;108,333;111,667;114,283;11
250803;1100;101,917;102,917;103,383;105,35;107,233;7
250803;1200;122,1;125,667;123,867;125,05;130,367;18
250803;1300;141,7;145,133;143,367;142,617;150,117;27
250803;1400;130,083;131,467;130,6;130,383;136,133;15
250803;1500;129,817;132,083;130,55;130,967;136,817;16
250803;1600;149,933;154,967;152,133;151,25;159,483;38
250803;1700;150,167;153,883;150,15;150,8;157,633;34
250803;1800;157,083;161,317;156,183;158,383;164,683;36
250803;1900;159,05;163,433;158,4;161,05;167,533;37
250803;2000;155,2;159,183;154,233;156,35;161,867;33
250803;2100;145,533;148,85;144,55;147,4;152,167;26
250803;2200;147,2;150,25;145,517;148,75;153,117;23
250803;2300;142,317;145,133;141,283;144,717;148,867;24
250804;0;129,567;131,567;129;132,383;136,317;18
250804;100;121,217;122,333;119,65;124,633;127,317;14
250804;200;109,167;109,15;108,717;112,867;114,667;11
250804;300;98,333;99,167;100,117;102,317;103,317;5
250804;400;98;99;100;102;103;1
250804;500;98,017;99;100;102;103;1
250804;600;98;99;100;102;103;3
250804;700;98,733;99,617;100,4;102,217;103,883;5
250804;800;100,8;101,383;102,267;103,15;106,05;6
250804;900;101,517;102,217;103,233;103,433;106,967;8
250804;1000;101,45;102,467;103,583;103,4;106,75;7
250804;1100;98,017;99,033;100,017;102;103,017;4
250804;1200;98,55;99,567;100,4;102,067;103,667;5
250804;1300;98,417;99,283;100,283;102,167;103,5;6
250804;1400;105,5;106,45;106,417;108,267;111,567;4
250804;1500;116,133;117,467;115,817;120,283;123,167;12
250804;1600;131,3;133,383;131,533;139,083;139,267;30
250804;1700;145,517;148,383;146,133;152,717;153,617;40
250804;1800;145,217;147,267;143,417;150;151,45;36
250804;1900;142,9;144,883;141,4;147,7;149,233;34
250804;2000;141,383;143,65;140,333;147,067;148,267;32
250804;2100;135,367;136,767;134,2;140,667;141,75;29
250804;2200;132,267;133,95;131;137,133;138,6;19
250804;2300;127,95;129,367;126,983;133,4;134,933;20
250805;0;119,017;119,667;117,767;125,4;126,583;15
250805;100;112,017;112,15;111,317;118,317;119,55;11
250805;200;107,067;107,867;107,583;111,883;113,45;8
250805;300;102,217;102,783;103,05;105,75;107,5;5
250805;400;99,867;100,417;101,267;103,617;104,85;4
250805;500;99,267;99,95;100,683;102,95;104,567;7
250805;600;98,2;99,05;100,05;102;103,15;4
250805;700;99,233;100,033;100,8;102,5;104,3;3
250805;800;104,367;105,283;105,817;106,05;109,867;10
250805;900;103,983;104,817;105,883;105,567;109,383;13
250805;1000;108,1;109,9;110;109,983;114,367;14
250805;1100;118,533;120,817;119,833;123,733;126,217;18
250805;1200;121,233;123,517;122,317;126,15;129,183;19
250805;1300;130,717;133,15;132,583;135,133;138,733;23
250805;1400;135,017;137,333;137,083;139,667;143,2;31
250805;1500;140,533;143,033;142,367;146,95;149,083;32
250805;1600;141,033;143,55;142,867;148,683;149,65;36
250805;1700;134,6;137,583;135,95;141,883;142,533;27
250805;1800;134,55;136,317;134,067;139,217;141,05;22
250805;1900;139,133;140,717;137,883;142,567;144,917;24
250805;2000;139,5;141,533;138,367;143,717;145,767;28
250805;2100;140,917;142,867;139,283;145,183;147;27
250805;2200;141,883;144,467;141,117;146,65;148,9;28
250805;2300;134,583;136,667;133,567;139,2;141,467;22
250806;0;130,083;132,033;128,717;135,7;137,133;21
250806;100;125;126,9;123,833;131,483;131,45;12
250806;200;126,633;128,183;125,033;133,967;133,3;11
250806;300;126,683;128,4;125,667;133,317;133,583;13
250806;400;122,25;123,333;120,617;129,133;128,383;13
250806;500;116,8;118,217;115,45;125,183;124,733;11
250806;600;109,983;111,15;109,683;116,95;116,917;8
250806;700;108,133;108,933;108,233;113,133;114,133;9
250806;800;115,683;116,333;115,267;119,417;122,633;11
250806;900;122,283;123,233;122,85;124,417;128,733;16
250806;1000;116,483;117,35;116,767;120,283;122,883;11
250806;1100;137,45;140,367;140,483;141,9;145,817;25
250806;1200;147,217;150,983;151,267;150,183;157,883;35
250806;1300;147,8;152,433;152,367;151,017;160,3;42
250806;1400;142,333;145,633;145,45;146,517;151,367;31
250806;1500;144,4;147,817;147,283;150,15;153,917;36
250806;1600;141,333;143,9;143,467;146,6;149,833;27
250806;1700;130,1;132,117;131,483;134,55;137,6;19
250806;1800;117,433;119,233;119,133;119,333;124,717;10
250806;1900;115,567;116,983;116,267;118,167;122,5;15
250806;2000;124,533;126,15;125,017;126,067;131,183;11
250806;2100;127,25;129,2;127,35;129,2;133,933;22
250806;2200;127,85;129,917;127,583;130,483;134,717;15
250806;2300;136,367;138,567;135,533;139,967;143,017;18
250807;0;131,883;133,3;130,367;135,617;138,35;16
250807;100;128,2;129,783;127,017;133,417;135,083;11
250807;200;131,633;133,45;129,6;136,383;137,3;11
250807;300;131,933;132,617;129,45;137,833;138,283;8
250807;400;128,533;129,967;126,65;135,033;135,617;10
250807;500;127,083;127,983;125,017;133,5;133,233;15
250807;600;126,917;128,05;124,8;133,3;133,133;15
250807;700;128,717;130,467;126,833;135,233;135,383;15
250807;800;132,25;134,017;131,15;135,883;138,5;19
250807;900;135,55;137,3;135,25;137,933;142,55;19
250807;1000;129,767;132,1;131,05;133,317;136,967;19
250807;1100;135,233;138,217;137,7;138,233;143,5;20
250807;1200;137,9;140,75;140,933;141,3;146,583;28
250807;1300;144,2;147,25;147,333;147,967;153,567;30
250807;1400;146,667;149,167;149,15;150,467;156,233;37
250807;1500;144,767;147,883;147,8;149,367;153,9;33
250807;1600;147,6;150,817;150,167;153,7;157,283;35
250807;1700;149,817;153,5;151,083;156,55;159,283;37
250807;1800;143,95;146,417;142,583;148,55;150,617;28
250807;1900;145,883;148,05;143,033;149,983;151,433;28
250807;2000;149,767;151,867;145,95;153,45;154,45;27
250807;2100;157,75;160,783;154,283;165,283;163,117;40
250807;2200;157,733;161,033;154,5;166,35;163,95;32
250807;2300;158,017;161,133;154,6;166,983;163,767;34
250808;0;158,383;161,483;154,933;168,85;164,733;30
250808;100;156,5;160,1;153,833;166,667;163,467;30
250808;200;151,6;154,783;149,233;160,05;158,833;23
250808;300;147,05;149,6;144,433;156,45;153,8;20
250808;400;149,017;151,617;146,3;158,233;156,55;21
250808;500;139,75;141,75;137,317;149,45;147,45;20
250808;600;129,183;130,333;126,35;138,8;137,283;12
250808;700;112,817;112,683;111,017;123,533;120,617;9
250808;800;108,333;109;109,117;112,167;115,2;10
250808;900;118,633;120,8;120,05;122,517;125,6;14
250808;1000;126,5;128,433;127,6;131,133;133,8;13
250808;1100;127,65;130,417;129,433;132,6;135,8;13
250808;1200;128,15;129,65;128,733;134,233;135,85;18
250808;1300;132,05;134,783;133,5;138,233;140,417;18
250808;1400;128,4;130,2;129,167;134,933;136,067;18
250808;1500;132,6;134,933;133,267;141,617;141,1;21
250808;1600;138,033;141,1;139,083;149,1;147,033;33
250808;1700;138,567;141,517;139,067;149,65;146,95;35
250808;1800;135,217;137,167;134,3;143,733;142,367;28
250808;1900;124,083;125,667;124,2;132,1;131,483;15
250808;2000;122,417;123,767;121,95;130,167;129,9;19
250808;2100;129,65;131;128,883;138,267;137,583;22
250808;2200;130,55;132,05;129,417;138,8;138,6;20
250808;2300;125,867;126,983;124,967;134,6;133,25;18
250809;0;123,05;124,133;122,2;132,133;130,333;18
250809;100;122,017;123,017;120,433;130,3;129,033;13
250809;200;118,383;118,85;117,317;127,033;126,3;13
250809;300;111,083;111,433;110,383;121,867;119,267;13
250809;400;135,8;139,2;135,383;146,1;143,817;19
250809;500;150;153,383;146,733;159,633;157,733;20
250809;600;148,117;150,917;144,483;156,533;154,417;26
250809;700;146,367;149,1;143,683;155,283;153,533;18
250809;800;148,283;151,25;145,7;156,333;155,2;23
250809;900;146,333;150,1;144,683;153,75;153,917;21
250809;1000;139,95;143,117;139,55;146,833;148,25;17
250809;1100;138,183;140,817;137,717;145,583;146,9;22
250809;1200;139,75;142,933;140,65;146,833;148,533;25
250809;1300;143,533;147,067;144,767;151,517;153,133;26
250809;1400;144,583;148,917;146,883;153,3;154,45;34
250809;1500;148,167;152,5;149,967;158,633;158,217;38
250809;1600;153,083;157,933;153,483;168,667;163,5;37
250809;1700;156,55;160,8;155,017;176,1;165,783;38
250809;1800;155,467;159,85;153,65;174,05;163,817;37
250809;1900;155,317;160,217;153,683;174,183;163,683;41
250809;2000;154,45;158,917;152,9;172,2;163,283;35
250809;2100;155,067;159,933;153,517;173,1;163,533;37
250809;2200;155,4;159,733;153,6;174,05;163,383;38
250809;2300;155,317;158,983;152,7;171,8;162,75;35
250810;0;154,35;157,5;150,883;168,417;161,25;32
250810;100;155,917;159,267;152,317;171,317;162,983;30
250810;200;153,9;157,5;150,483;169,233;161,75;31
250810;300;151,733;154,983;147,5;164,883;158,4;23
250810;400;147,317;150,1;143,4;160,2;153,85;18
250810;500;145,467;147,517;142,65;159,3;153,317;20
250810;600;132,983;134,367;129,8;145,783;140,667;15
250810;700;148,15;151,15;144,917;161,983;155,967;26
250810;800;148,167;151,167;146,8;160,183;157,55;31
250810;900;143,883;146,833;143,183;152,567;152;29
250810;1000;130,783;133,267;130,917;138,2;138,483;15
250810;1100;148,917;153,917;151,3;162,517;161,133;41
250810;1200;146,05;149,617;148,583;153,983;156;39
250810;1300;146,167;149,133;148,383;154,133;155,983;32
250810;1400;146,217;149,35;148,533;154,55;156,017;30
250810;1500;147,6;150,65;149,233;160,183;158,6;43
250810;1600;148,367;151,617;149,267;163,833;160,017;38
250810;1700;152,333;156,35;152,9;170,567;165,25;38
250810;1800;160,967;166,583;161,45;184,617;177,283;51
250810;1900;162,4;167,533;161,367;186,817;177,6;55
250810;2000;165,233;171,75;165,1;189,117;182,167;52
250810;2100;162,65;167,067;160,817;182,55;175,983;50
250810;2200;156,867;160,033;155,183;171,967;165,633;41
250810;2300;147,583;150,117;146,317;157,233;155,583;30
250811;0;136,933;138,867;135,417;146,267;144,067;24
250811;100;129,25;130,317;127,817;139,2;137,067;12
250811;200;115,433;115,417;113,817;126,683;123,75;11
250811;300;113,2;113,483;112,05;124,233;121,4;8
250811;400;105,65;105,95;105,817;111,733;111,55;6
250811;500;107,317;107,85;107,25;119,083;113,533;7
250811;600;100,583;101,417;101,767;105,75;106,1;3
250811;700;101,4;102,033;102,333;105,417;106,75;3
250811;800;104,1;104,6;105,3;106,367;109,567;6
250811;900;101,6;102,55;103,783;103,783;107,133;7
250811;1000;99,267;100,567;101,15;102,75;104,433;5
250811;1100;127,767;130,417;129,15;134,333;135,8;21
250811;1200;127,067;129,117;127,917;133,4;135,033;NA
250811;1300;130,35;132,567;131,367;138,333;138,633;22
250811;1400;123,35;125,4;124,05;130,917;130,983;12
250811;1500;128,483;130,4;128,65;137,15;136,633;20
250811;1600;141,7;144,933;143,15;152,333;150,85;34
250811;1700;139,7;141,867;139,867;147,967;147,95;35
250811;1800;137,75;139,683;137,417;144,3;144,8;35
250811;1900;131,5;133,2;130,667;137,483;138,2;21
250811;2000;125,633;126,983;125,1;132,683;133,017;19
250811;2100;124,6;125,767;124,067;131,233;131,817;21
250811;2200;119,8;120,817;119,3;127,117;127,533;11
250811;2300;110,233;110,85;110,2;118,033;118,167;11
250812;0;107,35;108,033;108,1;114,1;114,25;11
250812;100;105,583;106,167;106,2;110,667;111,45;8
250812;200;101,983;102,8;103,283;106,533;107,5;4
250812;300;101,933;102,683;103,233;106,1;107,383;4
250812;400;101,517;102,367;102,733;106,4;107,283;3
250812;500;100,267;101,067;101,883;104,967;105,967;6
250812;600;103,95;104,6;104,733;108,817;109,65;6
250812;700;109,65;110,75;109,783;117,883;117,567;12
250812;800;116,783;118;117,417;123,133;125,033;10
250812;900;118,017;119,367;119,25;124,133;125,233;15
250812;1000;127,867;129,817;128,617;136,067;135,383;24
250812;1100;127,783;129,583;127,85;136,233;135,217;29
250812;1200;122,05;123,567;121,45;130,45;129,667;21
250812;1300;117,967;119,917;118,633;124,083;125,25;16
250812;1400;137,417;140,25;139,067;146,233;145,933;36
250812;1500;144,567;147,55;146,417;153,533;153,7;42
250812;1600;142,25;144,467;143,3;150,6;150,917;33
250812;1700;138,567;140,7;138,467;145,917;146,183;36
250812;1800;142,183;144,217;141,083;146,833;148;35
250812;1900;145,567;147,833;144,083;149,967;151,317;40
250812;2000;146,983;149,75;146,133;152,067;153,517;40
250812;2100;147,833;150,433;146,383;152,567;153,817;33
250812;2200;141,45;143,95;140,8;146,833;148,4;26
250812;2300;137,783;140,067;136,717;142,967;144,1;21
250813;0;131,333;133;130,533;137,283;138,617;23
250813;100;124,75;126,1;124,083;131,567;132,217;15
250813;200;117,883;119,267;117,167;124,85;125,183;9
250813;300;118,983;120,417;117,683;126,683;126,45;11
250813;400;118,783;119,5;116,75;126,183;126,517;8
250813;500;119,15;120,55;117,25;126,433;126,533;10
250813;600;111,717;112,75;110,983;120,533;119,583;12
250813;700;110,217;110,6;110,117;115,983;117,767;11
250813;800;117,617;118,333;118,183;118,983;124,067;12
250813;900;114,033;114,583;115,4;114,667;120,717;15
250813;1000;107,45;108,783;109,05;110,217;114,333;8
250813;1100;127,233;129,517;128,8;133,5;135,267;27
250813;1200;123,35;125,217;124,133;130,45;131,183;22
250813;1300;131,733;134,217;132,65;139,517;140,083;23
250813;1400;130,733;133,183;131,65;138,5;139,367;35
250813;1500;126,65;128,65;127,167;134,133;134,433;23
250813;1600;139,65;142,817;140,583;152,233;149,233;39
250813;1700;147,75;151,533;149,1;166,283;158,933;53
250813;1800;146,933;149,767;146,667;158,233;154,9;45
250813;1900;146,667;149,617;146,067;154,967;154,4;45
250813;2000;147,5;150,75;146,967;156,417;155,733;41
250813;2100;144,95;147,783;144,4;153,017;152,883;37
250813;2200;140,1;142,983;139,833;148,217;148,683;33
250813;2300;136,967;139,917;136,783;144,933;145,117;29
250814;0;126,2;127,95;125,433;134,683;134,017;18
250814;100;120,267;121,2;119,267;127,917;127,567;14
250814;200;115,35;115,467;113,817;123,383;123,433;14
250814;300;106,6;107,433;107,367;113,017;113,333;8
250814;400;102,417;103,35;103,45;107,067;108,05;4
250814;500;100,217;101,067;101,817;104,467;105,583;3
250814;600;98,783;99,533;100,467;102,917;103,967;4
250814;700;98,767;99,683;100,633;102,533;103,9;4
250814;800;102,533;103,1;104,217;104,75;107,95;6
250814;900;103,5;104,333;105,217;104,9;108,983;7
250814;1000;108,267;110,283;109,5;112,167;114,617;8
250814;1100;136,217;139,05;137,767;144,75;144,917;31
250814;1200;157,583;164,417;162,1;166,867;174,15;57
250814;1300;161,333;167,483;166,15;166,25;178,967;51
250814;1400;152,567;158,133;156,283;158,717;167,767;39
250814;1500;147,35;150,433;149,783;153,783;158,133;30
250814;1600;147,367;150,267;149,4;155;157,25;37
250814;1700;149,483;153,367;150,15;158,9;158,717;38
250814;1800;148,6;152,55;147,8;156,417;156,017;32
250814;1900;145,183;148,65;143,383;152,85;152,1;25
250814;2000;146,983;150,45;145,017;155,983;154,433;22
250814;2100;149,933;153,95;148,017;159,65;156,967;27
250814;2200;150,917;155,367;149,417;162,9;158,5;27
250814;2300;153;157,817;151,367;170,567;161,3;30
250815;0;153,35;158,767;152,1;172,6;162,017;34
250815;100;156,533;162,85;155,133;184,033;166,15;34
250815;200;141,45;145,8;139,9;158,367;148,983;19
250815;300;112,133;113,683;110,817;120,017;117,833;5
250815;400;101,083;101,9;101,783;106,467;106,217;2
250815;500;101,7;102,7;102,15;106,8;106,55;1
250815;600;102,55;103,55;103,067;107,65;107,717;1
250815;700;104,383;105,4;104,567;110,067;109,417;3
250815;800;107,817;109,15;107,617;116,7;113,583;4
250815;900;105,8;106,95;106,017;112,767;111;5
250815;1000;104,5;105,4;104,417;109,633;109,75;8
250815;1100;106,433;107,483;106,95;111,483;112,217;6
250815;1200;109,683;111,267;110,317;114,95;116,833;5
250815;1300;118,2;119,967;118,55;123,167;124,683;6
250815;1400;121,683;124,183;121,533;127,467;128,2;6
250815;1500;120,4;122,317;120,033;125,517;126,533;7
250815;1600;119,3;121,167;118,55;124,783;125,617;9
250815;1700;117,417;118,833;116,733;123,15;123,983;8
250815;1800;118,35;119,483;116,65;124,333;124,167;10
250815;1900;126,417;128,517;124,533;131,283;131,75;10
250815;2000;128,383;129,567;127,1;132,75;133,3;12
250815;2100;128,767;130,933;127,733;133,75;134,033;10
250815;2200;134,183;136,483;133,117;138,133;139,35;13
250815;2300;135,6;138;133,383;139,217;140,517;19
250816;0;132,5;134,317;129,633;136,833;137,467;14
250816;100;125,4;126,517;122,45;130,833;130,267;12
250816;200;119,633;120,25;115,583;126,2;124,383;8
250816;300;122,667;124,05;119,083;129,217;127,717;10
250816;400;113,4;113,817;110,5;121,567;118,083;8
250816;500;107,8;108,15;106,767;115,65;112,667;10
250816;600;108,783;109,133;107,317;118,867;113,983;5
250816;700;104,85;105,467;104,767;110,333;109,85;2
250816;800;102,7;103,017;103,383;106,983;108,1;5
250816;900;101,633;102,9;103,583;105,917;107,333;12
250816;1000;102,083;103,2;103,517;106,05;107,917;8
250816;1100;109,017;110,433;109,4;112,3;115,967;7
250816;1200;105,367;107,05;106,5;108,433;111,75;5
250816;1300;103,333;104,533;104,683;106,8;109,317;2
250816;1400;116,25;117,683;117,083;120,583;123,217;9
250816;1500;125,967;128,017;127,017;131,333;133,367;15
250816;1600;132,767;135,5;134,067;140,317;140,583;20
250816;1700;132,05;134,267;133,017;138,55;139,283;18
250816;1800;129,867;131,867;129,567;134,133;136,083;10
250816;1900;129,983;131,85;128,983;134,067;136,133;16
250816;2000;136,5;138,017;135,033;139,867;142,15;26
250816;2100;137,683;139,533;136,367;140,9;143,033;26
250816;2200;140;141,5;138,55;143,283;145,867;20
250816;2300;136,133;137,733;135;139,95;142,133;19
250817;0;136,35;138,183;134,983;141,717;142,533;18
250817;100;129,05;130,35;127,683;135,917;136,117;13
250817;200;124,033;125,033;122,65;131,267;130,9;10
250817;300;119,217;119,867;117,433;127,183;126,167;9
250817;400;115,933;115,85;113,283;125,317;123,833;7
250817;500;110,583;111,367;109,6;119,417;116,883;7
250817;600;112,483;112,917;110,867;123,15;119,383;8
250817;700;112;112,383;110,3;122,833;118,433;8
250817;800;114,833;115,55;114,383;121,75;122,4;9
250817;900;133,5;137,083;134,833;137,317;141,067;17
250817;1000;140,95;143,617;141,667;145,5;149,017;19
250817;1100;140,717;143,967;140,932;146,133;148,767;22
250817;1200;137,267;140,25;139,05;141,833;144,95;21
250817;1300;133,417;135,559;134,683;137,933;141,55;18
250817;1400;132,123;134,633;132,947;136,3;139,517;17
250817;1500;132,15;134,417;132,283;136,45;139,433;17
250817;1600;132,033;135,117;132,383;136,967;139,15;15
250817;1700;130,22;132,4;129,95;135,345;137,733;15
250817;1800;130,55;133,85;129,8;137,233;137,883;16
250817;1900;128,183;130,567;127,417;135,017;135,35;12
250817;2000;128,833;131,6;128,183;135,617;136,2;11
250817;2100;128,817;130,333;126,233;134,717;134,333;15
250817;2200;134,033;135,65;130,733;140;139,067;18
250817;2300;137,712;140,1;134,033;145,133;142,45;15
250818;0;137,733;139,933;134,267;146,833;143,467;16
250818;100;135,267;137,417;131,767;144,7;141,667;13
250818;200;132,733;134,254;129;142,717;138,9;12
250818;300;132,383;133,45;128,017;141,85;138,103;11
250818;400;129,35;130,8;126,133;140,417;136,533;12
250818;500;130,133;131,483;126,933;140,797;136,683;13
250818;600;130,917;132,283;127,667;140,3;137,119;12
250818;700;132,22;133,733;129,117;141,328;138,175;14
250818;800;134,741;136,883;132,948;141,458;141,102;19
250818;900;137,283;139,617;136,183;143,317;144,4;19
250818;1000;143,45;140,783;139,017;142,583;145,283;22
250818;1100;137,817;140,867;138,95;144,6;145,967;23
250818;1200;127,267;129,8;128,983;132,85;135,254;10
250818;1300;124,033;127,017;125,683;129,483;132,117;15
250818;1400;120,7;122,717;122,317;124,45;127,85;13
250818;1500;115,4;116,45;116,033;118,6;121,833;8
250818;1600;106,183;107,5;107,85;110,267;112,7;4
250818;1700;110,167;111,267;110,533;114,55;118,05;8
250818;1800;109,683;110,25;109,55;113,483;115,333;9
250818;1900;112,767;113,583;111,767;116,967;118,817;9
250818;2000;124,817;126,483;123,383;128,467;130,3;12
250818;2100;128,267;129,583;125,85;132,517;133,667;12
250818;2200;131,4;132,983;129,333;136,35;136,617;14
250818;2300;128,317;129,833;126,817;134,15;134,45;11
250819;0;127,983;129,517;125,7;134,7;133,683;16
250819;100;130,333;132,167;127,8;137,95;136,65;8
250819;200;128,233;129,85;126,183;135,583;134,783;7
250819;300;125,883;127,417;124,083;132,367;132,367;9
250819;400;126,667;128,65;125,417;133,633;133,233;10
250819;500;126,067;127,467;124,083;132,417;132,383;9
250819;600;127,983;130,083;125,783;135,117;133,917;9
250819;700;129,567;130,883;126,917;137,233;135,583;11
250819;800;131,033;132,817;129,75;136;137,833;14
250819;900;131,683;133,621;131,983;136,667;138,883;18
250819;1000;132,183;134,967;133,8;137,767;140,133;18
250819;1100;134,317;137,15;136,717;139,167;142,7;20
250819;1200;133,517;135,983;135,483;138,483;141,833;14
250819;1300;131,617;134,333;133,983;136,833;140,283;15
250819;1400;131,083;133,9;132,967;136,517;139,4;14
250819;1500;134,583;137,733;136,683;140,917;142,533;14
250819;1600;132,417;135,067;134,117;138,55;140,35;16
250819;1700;122,633;124,45;123,35;127,4;129,45;13
250819;1800;112,05;114,5;112,567;119,45;120,133;9
250819;1900;117,717;119,183;116,35;124,083;124,467;6
250819;2000;129,883;131,767;128,15;135,35;135,583;9
250819;2100;118,25;120,1;117,517;123,067;124,217;10
250819;2200;102,233;102,933;103,317;106,15;107,567;7
250819;2300;115,067;116,233;114,3;119,75;120,75;11
250820;0;117,567;118,383;116,433;123,183;123,95;9
250820;100;122,083;124,1;120,983;127,9;128,133;9
250820;200;106,317;107,233;106,367;110,5;111,767;8
250820;300;125,45;126,65;122,233;132,483;130,783;7
250820;400;132,217;133,817;128,433;141,117;138,1;12
250820;500;132,067;133,75;128,283;141,617;137,7;9
250820;600;129,033;130,25;125,967;139,7;135;4
250820;700;125,783;127,25;121,983;135,15;130,8;4
250820;800;127,133;127,95;126,183;132,667;134,183;16
250820;900;117,7;119,533;118,517;122,65;124,65;8
250820;1000;108,717;110,25;109,45;111,967;117,067;8
250820;1100;113,317;115,283;114,633;117,133;120,783;13
250820;1200;132,05;134,533;134,05;137,333;139,983;17
250820;1300;137,25;140;139,65;142,583;145,583;25
250820;1400;140,65;143,683;143,117;145,967;148,95;36
250820;1500;134,35;136,7;136,017;139,567;141,867;21
250820;1600;123,733;125,617;124,767;128,5;130,583;20
250820;1700;118,45;120,083;119,25;122,667;125,25;14
250820;1800;110,933;112,75;112,033;116,633;119,65;11
250820;1900;120,067;121,633;119,75;124,6;126,217;5
250820;2000;109,733;110,567;109,717;113,85;114,833;7
250820;2100;99,517;100,317;101,083;103,2;104,5;6
250820;2200;98,683;99,717;100,5;102,433;103,883;6
250820;2300;98;99;100;102;103;4
250821;0;98;99;100;102;103;4
250821;100;98;99;100;102;103;3
250821;200;98;99;100;102;103;2
250821;300;98;99;100;102;103;1
250821;400;98;99;100;102;103;1
250821;500;98;99;100;102;103;1
250821;600;98;99;100;102;103;1
250821;700;98;99;100;102;103;1
250821;800;98;99;100;102;103;1
250821;900;98;99;100;102;103;1
250821;1000;98;99;100;102;103;1
250821;1100;98;99;100;102;103;1
250821;1200;98;99;100;102;103,033;1
250821;1300;98;99;100;102;103;1
250821;1400;98;99;100;102;103;1
250821;1500;98;99;100;102;103;2
250821;1600;98;99;100;102;103;4
250821;1700;98,433;99,25;100,2;102,167;103,4;4
250821;1800;98;99;100;102;103;2
250821;1900;98;99;100;102;103;2
250821;2000;98;99;100;102;103;1
250821;2100;98;99;100;102;103;2
250821;2200;98;99;100;102;103;3
250821;2300;98,167;99,133;100,067;102,167;103,25;1
250822;0;98;99;100;102;103;1
250822;100;98;99;100;102,017;103;3
250822;200;98;99;100;102;103,017;1
250822;300;98;99;100;102;103;1
250822;400;98;99;100;102;103;1
250822;500;99,233;100,15;100,367;103,383;104,25;1
250822;600;98;99;100;102;103;2
250822;700;98,233;99,1;100,017;102,2;103,25;2
250822;800;101,05;101,6;101,433;105,233;106,317;4
250822;900;99,217;100,167;100,75;102,85;104,4;2
250822;1000;100,683;102,033;102,15;103,85;106,133;4
250822;1100;98,5;99,417;100,3;102,017;103,583;6
250822;1200;98,067;99;100;102;103,067;3
250822;1300;98,033;99,05;100,017;102;103,05;2
250822;1400;98,133;99,2;100,117;102,117;103,233;4
250822;1500;98,183;99,067;100,05;102,05;103,3;4
250822;1600;98,95;99,933;100,75;102,533;104,25;6
250822;1700;98,883;99,883;100,617;102,367;103,933;4
250822;1800;99,583;100,4;100,75;103,033;104,817;4
250822;1900;99,05;99,7;100,4;102,3;103,917;4
250822;2000;108,567;109,4;107,75;112;114,683;3
250822;2100;108,8;109,65;107,933;113;114,133;5
250822;2200;120,583;120,867;115,883;127,95;127,033;9
250822;2300;124,35;124,333;120,133;131,783;131,383;14
250823;0;107,05;107,65;106,183;114,55;113,583;8
250823;100;98,417;99,317;100,117;102,633;103,417;1
250823;200;98,133;99,067;100,05;102,167;103,2;6
250823;300;98;99,017;100;102;103;4
250823;400;98;99;100;102;103;5
250823;500;98;99;100;102;103;4
250823;600;98;99;100;102;103;3
250823;700;98,017;99;100;102;103,017;4
250823;800;98;99;100;102;103,017;3
250823;900;98,05;99;100;102;103,033;3
250823;1000;98,15;99,067;100,117;102;103,367;4
250823;1100;98,967;100,033;100,683;102,283;104,033;3
250823;1200;101,183;102,183;102,95;103,85;106,617;4
250823;1300;102,567;103,667;104,417;105,15;108,35;5
250823;1400;109,033;110,6;111,417;109,883;116,067;8
250823;1500;121,317;123,767;124,167;122,5;128,733;9
250823;1600;122,733;124,567;124,933;123,85;129,667;12
250823;1700;117,167;119,1;118,167;119,133;123,7;10
250823;1800;98;99;100;102;103;5
250823;1900;98,367;99,183;100,167;102,317;103,383;1
250823;2000;100,367;101,083;101,383;104,033;105,867;2
250823;2100;99,95;100,883;101,383;104,133;105,667;2
250823;2200;105,367;106,333;106,183;109,267;111,7;5
250823;2300;101,567;102,183;102,517;105,317;107,367;8
